<?xml version="1.0" encoding="UTF-8"?>

<!-- generated on 2025-11-30 16:22:33 by Eclipse SUMO netconvert Version 1.23.1
<netconvertConfiguration xmlns:xsi="http://www.w3.org/2001/XMLSchema-instance" xsi:noNamespaceSchemaLocation="http://sumo.dlr.de/xsd/netconvertConfiguration.xsd">

    <input>
        <sumo-net-file value="import/sumo/leopoldshafen/leopoldshafen.net.xml"/>
    </input>

    <output>
        <plain-output-prefix value="leopoldshafen"/>
    </output>

    <processing>
        <geometry.min-radius.fix.railways value="false"/>
        <geometry.avoid-overlap value="false"/>
        <geometry.max-grade.fix value="false"/>
        <offset.disable-normalization value="true"/>
        <roundabouts.guess value="false"/>
        <lefthand value="0"/>
    </processing>

    <junctions>
        <no-turnarounds value="true"/>
        <junctions.corner-detail value="5"/>
        <junctions.limit-turn-speed value="5.50"/>
        <rectangular-lane-cut value="0"/>
    </junctions>

    <pedestrian>
        <walkingareas value="0"/>
    </pedestrian>

</netconvertConfiguration>
-->

<connections version="1.20" xmlns:xsi="http://www.w3.org/2001/XMLSchema-instance" xsi:noNamespaceSchemaLocation="http://sumo.dlr.de/xsd/connections_file.xsd">
    <connection from="-1" to="181" fromLane="0" toLane="0"/>
    <connection from="-1" to="18" fromLane="0" toLane="0"/>
    <connection from="-1" to="180" fromLane="0" toLane="0"/>
    <connection from="-1" to="1" fromLane="0" toLane="0"/>

    <connection from="-10" to="193" fromLane="0" toLane="0"/>

    <connection from="-101" to="274" fromLane="0" toLane="0"/>
    <connection from="-101" to="274" fromLane="0" toLane="1"/>

    <connection from="-102" to="199" fromLane="0" toLane="0"/>
    <connection from="-102" to="198" fromLane="0" toLane="0"/>
    <connection from="-102" to="102" fromLane="0" toLane="0"/>

    <connection from="-103" to="127" fromLane="0" toLane="0"/>
    <connection from="-103" to="207" fromLane="0" toLane="0"/>
    <connection from="-103" to="103" fromLane="0" toLane="0"/>

    <connection from="-105" to="284" fromLane="0" toLane="0"/>
    <connection from="-105" to="-219" fromLane="0" toLane="0"/>
    <connection from="-105" to="-285" fromLane="0" toLane="0"/>
    <connection from="-105" to="105" fromLane="0" toLane="0"/>

    <connection from="-106" to="174" fromLane="0" toLane="0"/>
    <connection from="-106" to="-105" fromLane="0" toLane="0"/>
    <connection from="-106" to="106" fromLane="0" toLane="0"/>

    <connection from="-107" to="266" fromLane="0" toLane="0"/>
    <connection from="-107" to="162" fromLane="0" toLane="0"/>
    <connection from="-107" to="107" fromLane="0" toLane="0"/>

    <connection from="-108" to="224" fromLane="0" toLane="0"/>
    <connection from="-108" to="225" fromLane="0" toLane="0"/>
    <connection from="-108" to="108" fromLane="0" toLane="0"/>

    <connection from="-109" to="281" fromLane="0" toLane="0"/>
    <connection from="-109" to="282" fromLane="0" toLane="0"/>
    <connection from="-109" to="109" fromLane="0" toLane="0"/>

    <connection from="-11" to="8" fromLane="0" toLane="0"/>
    <connection from="-11" to="-10" fromLane="0" toLane="0"/>
    <connection from="-11" to="-7" fromLane="0" toLane="0"/>
    <connection from="-11" to="11" fromLane="0" toLane="0"/>

    <connection from="-110" to="4" fromLane="0" toLane="0"/>
    <connection from="-110" to="-5" fromLane="0" toLane="0"/>
    <connection from="-110" to="110" fromLane="0" toLane="0"/>

    <connection from="-111" to="123" fromLane="0" toLane="0"/>
    <connection from="-111" to="-112" fromLane="0" toLane="0"/>
    <connection from="-111" to="133" fromLane="0" toLane="0"/>
    <connection from="-111" to="111" fromLane="0" toLane="0"/>

    <connection from="-112" to="122" fromLane="0" toLane="0"/>
    <connection from="-112" to="113" fromLane="0" toLane="0"/>
    <connection from="-112" to="112" fromLane="0" toLane="0"/>

    <connection from="-113" to="112" fromLane="0" toLane="0"/>
    <connection from="-113" to="122" fromLane="0" toLane="0"/>
    <connection from="-113" to="113" fromLane="0" toLane="0"/>

    <connection from="-114" to="210" fromLane="0" toLane="0"/>
    <connection from="-114" to="-113" fromLane="0" toLane="0"/>
    <connection from="-114" to="124" fromLane="0" toLane="0"/>
    <connection from="-114" to="114" fromLane="0" toLane="0"/>

    <connection from="-115" to="29" fromLane="0" toLane="0"/>
    <connection from="-115" to="116" fromLane="0" toLane="0"/>
    <connection from="-115" to="115" fromLane="0" toLane="0"/>

    <connection from="-116" to="115" fromLane="0" toLane="0"/>
    <connection from="-116" to="29" fromLane="0" toLane="0"/>
    <connection from="-116" to="116" fromLane="0" toLane="0"/>

    <connection from="-117" to="-198" fromLane="0" toLane="0"/>
    <connection from="-117" to="197" fromLane="0" toLane="0"/>
    <connection from="-117" to="117" fromLane="0" toLane="0"/>

    <connection from="-118" to="249" fromLane="0" toLane="0"/>
    <connection from="-118" to="-248" fromLane="0" toLane="0"/>
    <connection from="-118" to="118" fromLane="0" toLane="0"/>

    <connection from="-119" to="55" fromLane="0" toLane="0"/>
    <connection from="-119" to="-120" fromLane="0" toLane="0"/>
    <connection from="-119" to="119" fromLane="0" toLane="0"/>

    <connection from="-12" to="7" fromLane="0" toLane="0"/>

    <connection from="-120" to="-26" fromLane="0" toLane="0"/>

    <connection from="-121" to="246" fromLane="0" toLane="0"/>
    <connection from="-121" to="-247" fromLane="0" toLane="0"/>
    <connection from="-121" to="121" fromLane="0" toLane="0"/>

    <connection from="-122" to="113" fromLane="0" toLane="0"/>
    <connection from="-122" to="112" fromLane="0" toLane="0"/>
    <connection from="-122" to="122" fromLane="0" toLane="0"/>

    <connection from="-123" to="-112" fromLane="0" toLane="0"/>
    <connection from="-123" to="133" fromLane="0" toLane="0"/>
    <connection from="-123" to="111" fromLane="0" toLane="0"/>
    <connection from="-123" to="123" fromLane="0" toLane="0"/>

    <connection from="-124" to="114" fromLane="0" toLane="0"/>
    <connection from="-124" to="210" fromLane="0" toLane="0"/>
    <connection from="-124" to="-113" fromLane="0" toLane="0"/>
    <connection from="-124" to="124" fromLane="0" toLane="0"/>

    <connection from="-125" to="226" fromLane="0" toLane="0"/>
    <connection from="-125" to="-227" fromLane="0" toLane="0"/>
    <connection from="-125" to="125" fromLane="0" toLane="0"/>

    <connection from="-126" to="-226" fromLane="0" toLane="0"/>
    <connection from="-126" to="-225" fromLane="0" toLane="0"/>
    <connection from="-126" to="126" fromLane="0" toLane="0"/>

    <connection from="-127" to="207" fromLane="0" toLane="0"/>
    <connection from="-127" to="103" fromLane="0" toLane="0"/>
    <connection from="-127" to="127" fromLane="0" toLane="0"/>

    <connection from="-128" to="22" fromLane="0" toLane="0"/>
    <connection from="-128" to="145" fromLane="0" toLane="0"/>
    <connection from="-128" to="23" fromLane="0" toLane="0"/>
    <connection from="-128" to="128" fromLane="0" toLane="0"/>

    <connection from="-13" to="287" fromLane="0" toLane="0"/>
    <connection from="-13" to="-286" fromLane="0" toLane="0"/>
    <connection from="-13" to="13" fromLane="0" toLane="0"/>

    <connection from="-130" to="24" fromLane="0" toLane="0"/>
    <connection from="-130" to="131" fromLane="0" toLane="0"/>

    <connection from="-133" to="111" fromLane="0" toLane="0"/>
    <connection from="-133" to="123" fromLane="0" toLane="0"/>
    <connection from="-133" to="-112" fromLane="0" toLane="0"/>
    <connection from="-133" to="133" fromLane="0" toLane="0"/>

    <connection from="-134" to="322" fromLane="0" toLane="0"/>
    <connection from="-134" to="-321" fromLane="0" toLane="0"/>
    <connection from="-134" to="134" fromLane="0" toLane="0"/>

    <connection from="-135" to="3" fromLane="0" toLane="0"/>
    <connection from="-135" to="-4" fromLane="0" toLane="0"/>
    <connection from="-135" to="135" fromLane="0" toLane="0"/>

    <connection from="-136" to="129" fromLane="0" toLane="0"/>
    <connection from="-136" to="136" fromLane="0" toLane="0"/>

    <connection from="-137" to="138" fromLane="0" toLane="0"/>
    <connection from="-137" to="302" fromLane="0" toLane="0"/>
    <connection from="-137" to="137" fromLane="0" toLane="0"/>

    <connection from="-138" to="302" fromLane="0" toLane="0"/>
    <connection from="-138" to="137" fromLane="0" toLane="0"/>
    <connection from="-138" to="138" fromLane="0" toLane="0"/>

    <connection from="-139" to="245" fromLane="0" toLane="0"/>
    <connection from="-139" to="-246" fromLane="0" toLane="0"/>
    <connection from="-139" to="139" fromLane="0" toLane="0"/>

    <connection from="-14" to="155" fromLane="0" toLane="0"/>

    <connection from="-140" to="149" fromLane="0" toLane="0"/>
    <connection from="-140" to="148" fromLane="0" toLane="0"/>
    <connection from="-140" to="140" fromLane="0" toLane="0"/>

    <connection from="-141" to="319" fromLane="0" toLane="0"/>
    <connection from="-141" to="-320" fromLane="0" toLane="0"/>
    <connection from="-141" to="141" fromLane="0" toLane="0"/>

    <connection from="-142" to="-111" fromLane="0" toLane="0"/>
    <connection from="-142" to="-110" fromLane="0" toLane="0"/>
    <connection from="-142" to="142" fromLane="0" toLane="0"/>

    <connection from="-143" to="-141" fromLane="0" toLane="0"/>

    <connection from="-144" to="-301" fromLane="0" toLane="0"/>
    <connection from="-144" to="300" fromLane="0" toLane="0"/>
    <connection from="-144" to="144" fromLane="0" toLane="0"/>

    <connection from="-145" to="23" fromLane="0" toLane="0"/>
    <connection from="-145" to="128" fromLane="0" toLane="0"/>
    <connection from="-145" to="22" fromLane="0" toLane="0"/>
    <connection from="-145" to="145" fromLane="0" toLane="0"/>

    <connection from="-146" to="-24" fromLane="0" toLane="0"/>
    <connection from="-146" to="-23" fromLane="0" toLane="0"/>
    <connection from="-146" to="146" fromLane="0" toLane="0"/>

    <connection from="-147" to="-300" fromLane="0" toLane="0"/>
    <connection from="-147" to="-299" fromLane="0" toLane="0"/>
    <connection from="-147" to="147" fromLane="0" toLane="0"/>

    <connection from="-148" to="140" fromLane="0" toLane="0"/>
    <connection from="-148" to="149" fromLane="0" toLane="0"/>
    <connection from="-148" to="148" fromLane="0" toLane="0"/>

    <connection from="-149" to="148" fromLane="0" toLane="0"/>
    <connection from="-149" to="140" fromLane="0" toLane="0"/>
    <connection from="-149" to="149" fromLane="0" toLane="0"/>

    <connection from="-15" to="-25" fromLane="0" toLane="0"/>
    <connection from="-15" to="-16" fromLane="0" toLane="0"/>
    <connection from="-15" to="15" fromLane="0" toLane="0"/>

    <connection from="-150" to="-149" fromLane="0" toLane="0"/>
    <connection from="-150" to="-143" fromLane="0" toLane="0"/>
    <connection from="-150" to="150" fromLane="0" toLane="0"/>

    <connection from="-151" to="151" fromLane="0" toLane="0"/>

    <connection from="-152" to="-150" fromLane="0" toLane="0"/>
    <connection from="-152" to="-151" fromLane="0" toLane="0"/>
    <connection from="-152" to="152" fromLane="0" toLane="0"/>

    <connection from="-153" to="-136" fromLane="0" toLane="0"/>
    <connection from="-153" to="153" fromLane="0" toLane="0"/>
    <connection from="-153" to="-137" fromLane="0" toLane="0"/>

    <connection from="-154" to="-232" fromLane="0" toLane="0"/>
    <connection from="-154" to="-231" fromLane="0" toLane="0"/>
    <connection from="-154" to="154" fromLane="0" toLane="0"/>

    <connection from="-155" to="14" fromLane="0" toLane="0"/>

    <connection from="-156" to="-159" fromLane="0" toLane="0"/>
    <connection from="-156" to="158" fromLane="0" toLane="0"/>
    <connection from="-156" to="156" fromLane="0" toLane="0"/>

    <connection from="-157" to="-156" fromLane="0" toLane="0"/>

    <connection from="-158" to="156" fromLane="0" toLane="0"/>
    <connection from="-158" to="-159" fromLane="0" toLane="0"/>
    <connection from="-158" to="158" fromLane="0" toLane="0"/>

    <connection from="-159" to="326" fromLane="0" toLane="0"/>
    <connection from="-159" to="-160" fromLane="0" toLane="0"/>
    <connection from="-159" to="38" fromLane="0" toLane="0"/>
    <connection from="-159" to="159" fromLane="0" toLane="0"/>

    <connection from="-16" to="-181" fromLane="0" toLane="0"/>
    <connection from="-16" to="291" fromLane="0" toLane="0"/>
    <connection from="-16" to="289" fromLane="0" toLane="0"/>
    <connection from="-16" to="16" fromLane="0" toLane="0"/>

    <connection from="-160" to="327" fromLane="0" toLane="0"/>
    <connection from="-160" to="161" fromLane="0" toLane="0"/>
    <connection from="-160" to="9" fromLane="0" toLane="0"/>
    <connection from="-160" to="160" fromLane="0" toLane="0"/>

    <connection from="-161" to="9" fromLane="0" toLane="0"/>
    <connection from="-161" to="160" fromLane="0" toLane="0"/>
    <connection from="-161" to="327" fromLane="0" toLane="0"/>
    <connection from="-161" to="161" fromLane="0" toLane="0"/>

    <connection from="-162" to="107" fromLane="0" toLane="0"/>
    <connection from="-162" to="266" fromLane="0" toLane="0"/>
    <connection from="-162" to="162" fromLane="0" toLane="0"/>

    <connection from="-163" to="165" fromLane="0" toLane="0"/>
    <connection from="-163" to="47" fromLane="0" toLane="0"/>
    <connection from="-163" to="163" fromLane="0" toLane="0"/>

    <connection from="-164" to="50" fromLane="0" toLane="0"/>

    <connection from="-165" to="47" fromLane="0" toLane="0"/>
    <connection from="-165" to="163" fromLane="0" toLane="0"/>
    <connection from="-165" to="165" fromLane="0" toLane="0"/>

    <connection from="-166" to="176" fromLane="0" toLane="0"/>
    <connection from="-166" to="-165" fromLane="0" toLane="0"/>
    <connection from="-166" to="166" fromLane="0" toLane="0"/>

    <connection from="-167" to="-54" fromLane="0" toLane="0"/>

    <connection from="-168" to="-47" fromLane="0" toLane="0"/>
    <connection from="-168" to="175" fromLane="0" toLane="0"/>
    <connection from="-168" to="168" fromLane="0" toLane="0"/>

    <connection from="-17" to="75" fromLane="0" toLane="0"/>

    <connection from="-171" to="200" fromLane="0" toLane="0"/>
    <connection from="-171" to="290" fromLane="0" toLane="0"/>
    <connection from="-171" to="171" fromLane="0" toLane="0"/>

    <connection from="-172" to="-200" fromLane="0" toLane="0"/>
    <connection from="-172" to="-199" fromLane="0" toLane="0"/>
    <connection from="-172" to="172" fromLane="0" toLane="0"/>

    <connection from="-174" to="-105" fromLane="0" toLane="0"/>
    <connection from="-174" to="106" fromLane="0" toLane="0"/>
    <connection from="-174" to="174" fromLane="0" toLane="0"/>

    <connection from="-175" to="168" fromLane="0" toLane="0"/>
    <connection from="-175" to="-47" fromLane="0" toLane="0"/>
    <connection from="-175" to="175" fromLane="0" toLane="0"/>

    <connection from="-176" to="-165" fromLane="0" toLane="0"/>
    <connection from="-176" to="166" fromLane="0" toLane="0"/>
    <connection from="-176" to="176" fromLane="0" toLane="0"/>

    <connection from="-177" to="-46" fromLane="0" toLane="0"/>
    <connection from="-177" to="-45" fromLane="0" toLane="0"/>
    <connection from="-177" to="177" fromLane="0" toLane="0"/>

    <connection from="-178" to="40" fromLane="0" toLane="0"/>
    <connection from="-178" to="-41" fromLane="0" toLane="0"/>
    <connection from="-178" to="178" fromLane="0" toLane="0"/>

    <connection from="-179" to="-178" fromLane="0" toLane="0"/>
    <connection from="-179" to="-177" fromLane="0" toLane="0"/>
    <connection from="-179" to="179" fromLane="0" toLane="0"/>

    <connection from="-18" to="180" fromLane="0" toLane="0"/>
    <connection from="-18" to="1" fromLane="0" toLane="0"/>
    <connection from="-18" to="181" fromLane="0" toLane="0"/>
    <connection from="-18" to="18" fromLane="0" toLane="0"/>

    <connection from="-180" to="1" fromLane="0" toLane="0"/>
    <connection from="-180" to="181" fromLane="0" toLane="0"/>
    <connection from="-180" to="18" fromLane="0" toLane="0"/>
    <connection from="-180" to="180" fromLane="0" toLane="0"/>

    <connection from="-181" to="18" fromLane="0" toLane="0"/>
    <connection from="-181" to="180" fromLane="0" toLane="0"/>
    <connection from="-181" to="1" fromLane="0" toLane="0"/>
    <connection from="-181" to="181" fromLane="0" toLane="0"/>

    <connection from="-186" to="170" fromLane="0" toLane="0"/>
    <connection from="-186" to="170" fromLane="0" toLane="1"/>
    <connection from="-186" to="170" fromLane="0" toLane="2"/>

    <connection from="-19" to="298" fromLane="0" toLane="0"/>
    <connection from="-19" to="20" fromLane="0" toLane="0"/>
    <connection from="-19" to="19" fromLane="0" toLane="0"/>

    <connection from="-190" to="-155" fromLane="0" toLane="0"/>

    <connection from="-191" to="-241" fromLane="0" toLane="0"/>

    <connection from="-192" to="260" fromLane="0" toLane="0"/>
    <connection from="-192" to="261" fromLane="0" toLane="0"/>
    <connection from="-192" to="192" fromLane="0" toLane="0"/>

    <connection from="-193" to="10" fromLane="0" toLane="0"/>

    <connection from="-194" to="-161" fromLane="0" toLane="0"/>
    <connection from="-194" to="195" fromLane="0" toLane="0"/>
    <connection from="-194" to="194" fromLane="0" toLane="0"/>

    <connection from="-195" to="194" fromLane="0" toLane="0"/>
    <connection from="-195" to="-161" fromLane="0" toLane="0"/>
    <connection from="-195" to="195" fromLane="0" toLane="0"/>

    <connection from="-196" to="-260" fromLane="0" toLane="0"/>
    <connection from="-196" to="-195" fromLane="0" toLane="0"/>
    <connection from="-196" to="196" fromLane="0" toLane="0"/>

    <connection from="-197" to="117" fromLane="0" toLane="0"/>
    <connection from="-197" to="-198" fromLane="0" toLane="0"/>
    <connection from="-197" to="197" fromLane="0" toLane="0"/>

    <connection from="-198" to="102" fromLane="0" toLane="0"/>
    <connection from="-198" to="199" fromLane="0" toLane="0"/>
    <connection from="-198" to="198" fromLane="0" toLane="0"/>

    <connection from="-199" to="198" fromLane="0" toLane="0"/>
    <connection from="-199" to="102" fromLane="0" toLane="0"/>
    <connection from="-199" to="199" fromLane="0" toLane="0"/>

    <connection from="-2" to="-3" fromLane="0" toLane="0"/>
    <connection from="-2" to="-204" fromLane="0" toLane="0"/>
    <connection from="-2" to="2" fromLane="0" toLane="0"/>

    <connection from="-20" to="19" fromLane="0" toLane="0"/>
    <connection from="-20" to="298" fromLane="0" toLane="0"/>
    <connection from="-20" to="20" fromLane="0" toLane="0"/>

    <connection from="-200" to="290" fromLane="0" toLane="0"/>
    <connection from="-200" to="171" fromLane="0" toLane="0"/>
    <connection from="-200" to="200" fromLane="0" toLane="0"/>

    <connection from="-201" to="202" fromLane="0" toLane="0"/>
    <connection from="-201" to="33" fromLane="0" toLane="0"/>
    <connection from="-201" to="201" fromLane="0" toLane="0"/>

    <connection from="-202" to="33" fromLane="0" toLane="0"/>
    <connection from="-202" to="201" fromLane="0" toLane="0"/>
    <connection from="-202" to="202" fromLane="0" toLane="0"/>

    <connection from="-203" to="-202" fromLane="0" toLane="0"/>
    <connection from="-203" to="-116" fromLane="0" toLane="0"/>
    <connection from="-203" to="203" fromLane="0" toLane="0"/>

    <connection from="-204" to="-133" fromLane="0" toLane="0"/>
    <connection from="-204" to="205" fromLane="0" toLane="0"/>
    <connection from="-204" to="204" fromLane="0" toLane="0"/>

    <connection from="-205" to="204" fromLane="0" toLane="0"/>
    <connection from="-205" to="-133" fromLane="0" toLane="0"/>
    <connection from="-205" to="205" fromLane="0" toLane="0"/>

    <connection from="-206" to="-20" fromLane="0" toLane="0"/>
    <connection from="-206" to="-21" fromLane="0" toLane="0"/>
    <connection from="-206" to="206" fromLane="0" toLane="0"/>

    <connection from="-207" to="103" fromLane="0" toLane="0"/>
    <connection from="-207" to="127" fromLane="0" toLane="0"/>
    <connection from="-207" to="207" fromLane="0" toLane="0"/>

    <connection from="-208" to="208" fromLane="0" toLane="0"/>

    <connection from="-209" to="211" fromLane="0" toLane="0"/>
    <connection from="-209" to="-210" fromLane="0" toLane="0"/>
    <connection from="-209" to="209" fromLane="0" toLane="0"/>

    <connection from="-21" to="-22" fromLane="0" toLane="0"/>
    <connection from="-21" to="-319" fromLane="0" toLane="0"/>
    <connection from="-21" to="21" fromLane="0" toLane="0"/>

    <connection from="-210" to="-113" fromLane="0" toLane="0"/>
    <connection from="-210" to="124" fromLane="0" toLane="0"/>
    <connection from="-210" to="114" fromLane="0" toLane="0"/>
    <connection from="-210" to="210" fromLane="0" toLane="0"/>

    <connection from="-211" to="-210" fromLane="0" toLane="0"/>
    <connection from="-211" to="209" fromLane="0" toLane="0"/>
    <connection from="-211" to="211" fromLane="0" toLane="0"/>

    <connection from="-212" to="30" fromLane="0" toLane="0"/>
    <connection from="-212" to="213" fromLane="0" toLane="0"/>
    <connection from="-212" to="212" fromLane="0" toLane="0"/>

    <connection from="-213" to="212" fromLane="0" toLane="0"/>
    <connection from="-213" to="30" fromLane="0" toLane="0"/>
    <connection from="-213" to="213" fromLane="0" toLane="0"/>

    <connection from="-214" to="-201" fromLane="0" toLane="0"/>

    <connection from="-215" to="256" fromLane="0" toLane="0"/>
    <connection from="-215" to="255" fromLane="0" toLane="0"/>
    <connection from="-215" to="215" fromLane="0" toLane="0"/>

    <connection from="-217" to="218" fromLane="0" toLane="0"/>
    <connection from="-217" to="51" fromLane="0" toLane="0"/>
    <connection from="-217" to="217" fromLane="0" toLane="0"/>

    <connection from="-218" to="217" fromLane="0" toLane="0"/>
    <connection from="-218" to="218" fromLane="0" toLane="0"/>
    <connection from="-218" to="51" fromLane="0" toLane="0"/>

    <connection from="-219" to="-38" fromLane="0" toLane="0"/>
    <connection from="-219" to="220" fromLane="0" toLane="0"/>
    <connection from="-219" to="219" fromLane="0" toLane="0"/>

    <connection from="-22" to="145" fromLane="0" toLane="0"/>
    <connection from="-22" to="23" fromLane="0" toLane="0"/>
    <connection from="-22" to="128" fromLane="0" toLane="0"/>
    <connection from="-22" to="22" fromLane="0" toLane="0"/>

    <connection from="-220" to="219" fromLane="0" toLane="0"/>
    <connection from="-220" to="-38" fromLane="0" toLane="0"/>
    <connection from="-220" to="220" fromLane="0" toLane="0"/>

    <connection from="-221" to="-8" fromLane="0" toLane="0"/>
    <connection from="-221" to="-220" fromLane="0" toLane="0"/>
    <connection from="-221" to="-9" fromLane="0" toLane="0"/>
    <connection from="-221" to="221" fromLane="0" toLane="0"/>

    <connection from="-222" to="-283" fromLane="0" toLane="0"/>
    <connection from="-222" to="-158" fromLane="0" toLane="0"/>
    <connection from="-222" to="-284" fromLane="0" toLane="0"/>
    <connection from="-222" to="222" fromLane="0" toLane="0"/>

    <connection from="-223" to="-224" fromLane="0" toLane="0"/>
    <connection from="-223" to="-109" fromLane="0" toLane="0"/>
    <connection from="-223" to="223" fromLane="0" toLane="0"/>

    <connection from="-224" to="225" fromLane="0" toLane="0"/>
    <connection from="-224" to="108" fromLane="0" toLane="0"/>
    <connection from="-224" to="224" fromLane="0" toLane="0"/>

    <connection from="-225" to="108" fromLane="0" toLane="0"/>
    <connection from="-225" to="224" fromLane="0" toLane="0"/>
    <connection from="-225" to="225" fromLane="0" toLane="0"/>

    <connection from="-226" to="-227" fromLane="0" toLane="0"/>
    <connection from="-226" to="125" fromLane="0" toLane="0"/>
    <connection from="-226" to="226" fromLane="0" toLane="0"/>

    <connection from="-227" to="228" fromLane="0" toLane="0"/>
    <connection from="-227" to="37" fromLane="0" toLane="0"/>
    <connection from="-227" to="227" fromLane="0" toLane="0"/>

    <connection from="-228" to="37" fromLane="0" toLane="0"/>
    <connection from="-228" to="227" fromLane="0" toLane="0"/>
    <connection from="-228" to="228" fromLane="0" toLane="0"/>

    <connection from="-229" to="34" fromLane="0" toLane="0"/>
    <connection from="-229" to="230" fromLane="0" toLane="0"/>
    <connection from="-229" to="35" fromLane="0" toLane="0"/>
    <connection from="-229" to="229" fromLane="0" toLane="0"/>

    <connection from="-23" to="128" fromLane="0" toLane="0"/>
    <connection from="-23" to="22" fromLane="0" toLane="0"/>
    <connection from="-23" to="145" fromLane="0" toLane="0"/>
    <connection from="-23" to="23" fromLane="0" toLane="0"/>

    <connection from="-230" to="35" fromLane="0" toLane="0"/>
    <connection from="-230" to="229" fromLane="0" toLane="0"/>
    <connection from="-230" to="34" fromLane="0" toLane="0"/>
    <connection from="-230" to="230" fromLane="0" toLane="0"/>

    <connection from="-231" to="-230" fromLane="0" toLane="0"/>
    <connection from="-231" to="36" fromLane="0" toLane="0"/>
    <connection from="-231" to="231" fromLane="0" toLane="0"/>

    <connection from="-232" to="48" fromLane="0" toLane="0"/>
    <connection from="-232" to="233" fromLane="0" toLane="0"/>
    <connection from="-232" to="232" fromLane="0" toLane="0"/>

    <connection from="-233" to="232" fromLane="0" toLane="0"/>
    <connection from="-233" to="48" fromLane="0" toLane="0"/>
    <connection from="-233" to="233" fromLane="0" toLane="0"/>

    <connection from="-234" to="98" fromLane="0" toLane="0"/>

    <connection from="-235" to="271" fromLane="0" toLane="0"/>
    <connection from="-235" to="271" fromLane="1" toLane="1"/>
    <connection from="-235" to="271" fromLane="2" toLane="2"/>

    <connection from="-236" to="-252" fromLane="0" toLane="0"/>
    <connection from="-236" to="-252" fromLane="1" toLane="1"/>
    <connection from="-236" to="-252" fromLane="1" toLane="2"/>

    <connection from="-237" to="-203" fromLane="0" toLane="0"/>
    <connection from="-237" to="238" fromLane="0" toLane="0"/>
    <connection from="-237" to="237" fromLane="0" toLane="0"/>

    <connection from="-238" to="237" fromLane="0" toLane="0"/>
    <connection from="-238" to="-203" fromLane="0" toLane="0"/>
    <connection from="-238" to="238" fromLane="0" toLane="0"/>

    <connection from="-24" to="131" fromLane="0" toLane="0"/>
    <connection from="-24" to="24" fromLane="0" toLane="0"/>

    <connection from="-240" to="-175" fromLane="0" toLane="0"/>
    <connection from="-240" to="-176" fromLane="0" toLane="0"/>
    <connection from="-240" to="240" fromLane="0" toLane="0"/>

    <connection from="-241" to="185" fromLane="0" toLane="0"/>
    <connection from="-241" to="-17" fromLane="0" toLane="0"/>
    <connection from="-241" to="241" fromLane="0" toLane="0"/>

    <connection from="-242" to="-73" fromLane="0" toLane="0"/>

    <connection from="-243" to="-75" fromLane="0" toLane="0"/>

    <connection from="-244" to="-107" fromLane="0" toLane="0"/>
    <connection from="-244" to="-106" fromLane="0" toLane="0"/>
    <connection from="-244" to="244" fromLane="0" toLane="0"/>

    <connection from="-245" to="-246" fromLane="0" toLane="0"/>
    <connection from="-245" to="139" fromLane="0" toLane="0"/>
    <connection from="-245" to="245" fromLane="0" toLane="0"/>

    <connection from="-246" to="-247" fromLane="0" toLane="0"/>
    <connection from="-246" to="121" fromLane="0" toLane="0"/>
    <connection from="-246" to="246" fromLane="0" toLane="0"/>

    <connection from="-247" to="56" fromLane="0" toLane="0"/>
    <connection from="-247" to="248" fromLane="0" toLane="0"/>
    <connection from="-247" to="247" fromLane="0" toLane="0"/>

    <connection from="-248" to="247" fromLane="0" toLane="0"/>
    <connection from="-248" to="56" fromLane="0" toLane="0"/>
    <connection from="-248" to="248" fromLane="0" toLane="0"/>

    <connection from="-249" to="-248" fromLane="0" toLane="0"/>
    <connection from="-249" to="118" fromLane="0" toLane="0"/>
    <connection from="-249" to="249" fromLane="0" toLane="0"/>

    <connection from="-25" to="132" fromLane="0" toLane="0"/>
    <connection from="-25" to="25" fromLane="0" toLane="0"/>

    <connection from="-250" to="-164" fromLane="0" toLane="0"/>

    <connection from="-251" to="188" fromLane="0" toLane="0"/>
    <connection from="-251" to="-191" fromLane="0" toLane="0"/>
    <connection from="-251" to="251" fromLane="0" toLane="0"/>

    <connection from="-252" to="-235" fromLane="0" toLane="0"/>
    <connection from="-252" to="-235" fromLane="1" toLane="1"/>
    <connection from="-252" to="-235" fromLane="2" toLane="2"/>
    <connection from="-252" to="-235" fromLane="2" toLane="3"/>

    <connection from="-253" to="-218" fromLane="0" toLane="0"/>
    <connection from="-253" to="-254" fromLane="0" toLane="0"/>
    <connection from="-253" to="253" fromLane="0" toLane="0"/>

    <connection from="-254" to="-171" fromLane="0" toLane="0"/>
    <connection from="-254" to="292" fromLane="0" toLane="0"/>
    <connection from="-254" to="254" fromLane="0" toLane="0"/>

    <connection from="-255" to="215" fromLane="0" toLane="0"/>
    <connection from="-255" to="256" fromLane="0" toLane="0"/>
    <connection from="-255" to="255" fromLane="0" toLane="0"/>

    <connection from="-256" to="255" fromLane="0" toLane="0"/>
    <connection from="-256" to="215" fromLane="0" toLane="0"/>
    <connection from="-256" to="256" fromLane="0" toLane="0"/>

    <connection from="-26" to="27" fromLane="0" toLane="0"/>
    <connection from="-26" to="294" fromLane="0" toLane="0"/>
    <connection from="-26" to="26" fromLane="0" toLane="0"/>

    <connection from="-260" to="261" fromLane="0" toLane="0"/>
    <connection from="-260" to="192" fromLane="0" toLane="0"/>
    <connection from="-260" to="260" fromLane="0" toLane="0"/>

    <connection from="-261" to="192" fromLane="0" toLane="0"/>
    <connection from="-261" to="260" fromLane="0" toLane="0"/>
    <connection from="-261" to="261" fromLane="0" toLane="0"/>

    <connection from="-262" to="-44" fromLane="0" toLane="0"/>
    <connection from="-262" to="263" fromLane="0" toLane="0"/>
    <connection from="-262" to="262" fromLane="0" toLane="0"/>

    <connection from="-263" to="262" fromLane="0" toLane="0"/>
    <connection from="-263" to="-44" fromLane="0" toLane="0"/>
    <connection from="-263" to="263" fromLane="0" toLane="0"/>

    <connection from="-264" to="265" fromLane="0" toLane="0"/>
    <connection from="-264" to="264" fromLane="0" toLane="0"/>

    <connection from="-265" to="264" fromLane="0" toLane="0"/>
    <connection from="-265" to="265" fromLane="0" toLane="0"/>

    <connection from="-266" to="162" fromLane="0" toLane="0"/>
    <connection from="-266" to="107" fromLane="0" toLane="0"/>
    <connection from="-266" to="266" fromLane="0" toLane="0"/>

    <connection from="-267" to="-287" fromLane="0" toLane="0"/>
    <connection from="-267" to="-288" fromLane="0" toLane="0"/>
    <connection from="-267" to="267" fromLane="0" toLane="0"/>

    <connection from="-269" to="-236" fromLane="0" toLane="0"/>
    <connection from="-269" to="-236" fromLane="1" toLane="1"/>

    <connection from="-27" to="294" fromLane="0" toLane="0"/>
    <connection from="-27" to="26" fromLane="0" toLane="0"/>
    <connection from="-27" to="27" fromLane="0" toLane="0"/>

    <connection from="-270" to="234" fromLane="0" toLane="0"/>
    <connection from="-270" to="234" fromLane="0" toLane="1"/>

    <connection from="-271" to="235" fromLane="0" toLane="0"/>
    <connection from="-271" to="235" fromLane="1" toLane="1"/>
    <connection from="-271" to="235" fromLane="2" toLane="2"/>
    <connection from="-271" to="235" fromLane="2" toLane="3"/>

    <connection from="-272" to="-251" fromLane="0" toLane="0"/>

    <connection from="-273" to="-269" fromLane="0" toLane="0"/>
    <connection from="-273" to="-269" fromLane="1" toLane="1"/>
    <connection from="-273" to="-269" fromLane="2" toLane="2"/>

    <connection from="-274" to="101" fromLane="0" toLane="0"/>

    <connection from="-279" to="216" fromLane="1" toLane="0"/>

    <connection from="-28" to="28" fromLane="0" toLane="0"/>

    <connection from="-281" to="282" fromLane="0" toLane="0"/>
    <connection from="-281" to="109" fromLane="0" toLane="0"/>
    <connection from="-281" to="281" fromLane="0" toLane="0"/>

    <connection from="-282" to="109" fromLane="0" toLane="0"/>
    <connection from="-282" to="281" fromLane="0" toLane="0"/>
    <connection from="-282" to="282" fromLane="0" toLane="0"/>

    <connection from="-283" to="-282" fromLane="0" toLane="0"/>
    <connection from="-283" to="-157" fromLane="0" toLane="0"/>
    <connection from="-283" to="283" fromLane="0" toLane="0"/>

    <connection from="-284" to="-219" fromLane="0" toLane="0"/>
    <connection from="-284" to="-285" fromLane="0" toLane="0"/>
    <connection from="-284" to="105" fromLane="0" toLane="0"/>
    <connection from="-284" to="284" fromLane="0" toLane="0"/>

    <connection from="-285" to="-11" fromLane="0" toLane="0"/>
    <connection from="-285" to="286" fromLane="0" toLane="0"/>
    <connection from="-285" to="104" fromLane="0" toLane="0"/>
    <connection from="-285" to="285" fromLane="0" toLane="0"/>

    <connection from="-286" to="104" fromLane="0" toLane="0"/>
    <connection from="-286" to="285" fromLane="0" toLane="0"/>
    <connection from="-286" to="-11" fromLane="0" toLane="0"/>
    <connection from="-286" to="286" fromLane="0" toLane="0"/>

    <connection from="-287" to="-286" fromLane="0" toLane="0"/>
    <connection from="-287" to="13" fromLane="0" toLane="0"/>
    <connection from="-287" to="287" fromLane="0" toLane="0"/>

    <connection from="-288" to="-163" fromLane="0" toLane="0"/>
    <connection from="-288" to="-262" fromLane="0" toLane="0"/>
    <connection from="-288" to="288" fromLane="0" toLane="0"/>

    <connection from="-289" to="16" fromLane="0" toLane="0"/>
    <connection from="-289" to="-181" fromLane="0" toLane="0"/>
    <connection from="-289" to="291" fromLane="0" toLane="0"/>
    <connection from="-289" to="289" fromLane="0" toLane="0"/>

    <connection from="-29" to="116" fromLane="0" toLane="0"/>
    <connection from="-29" to="115" fromLane="0" toLane="0"/>
    <connection from="-29" to="29" fromLane="0" toLane="0"/>

    <connection from="-290" to="171" fromLane="0" toLane="0"/>
    <connection from="-290" to="200" fromLane="0" toLane="0"/>
    <connection from="-290" to="290" fromLane="0" toLane="0"/>

    <connection from="-291" to="289" fromLane="0" toLane="0"/>
    <connection from="-291" to="16" fromLane="0" toLane="0"/>
    <connection from="-291" to="-181" fromLane="0" toLane="0"/>
    <connection from="-291" to="291" fromLane="0" toLane="0"/>

    <connection from="-292" to="254" fromLane="0" toLane="0"/>
    <connection from="-292" to="-171" fromLane="0" toLane="0"/>
    <connection from="-292" to="292" fromLane="0" toLane="0"/>

    <connection from="-294" to="26" fromLane="0" toLane="0"/>
    <connection from="-294" to="27" fromLane="0" toLane="0"/>
    <connection from="-294" to="294" fromLane="0" toLane="0"/>

    <connection from="-295" to="-294" fromLane="0" toLane="0"/>
    <connection from="-295" to="297" fromLane="0" toLane="0"/>
    <connection from="-295" to="295" fromLane="0" toLane="0"/>

    <connection from="-296" to="-295" fromLane="0" toLane="0"/>

    <connection from="-297" to="-294" fromLane="0" toLane="0"/>
    <connection from="-297" to="297" fromLane="0" toLane="0"/>
    <connection from="-297" to="295" fromLane="0" toLane="0"/>

    <connection from="-298" to="20" fromLane="0" toLane="0"/>
    <connection from="-298" to="19" fromLane="0" toLane="0"/>
    <connection from="-298" to="298" fromLane="0" toLane="0"/>

    <connection from="-299" to="301" fromLane="0" toLane="0"/>
    <connection from="-299" to="-298" fromLane="0" toLane="0"/>
    <connection from="-299" to="299" fromLane="0" toLane="0"/>

    <connection from="-3" to="-4" fromLane="0" toLane="0"/>
    <connection from="-3" to="135" fromLane="0" toLane="0"/>
    <connection from="-3" to="3" fromLane="0" toLane="0"/>

    <connection from="-30" to="213" fromLane="0" toLane="0"/>
    <connection from="-30" to="212" fromLane="0" toLane="0"/>
    <connection from="-30" to="30" fromLane="0" toLane="0"/>

    <connection from="-300" to="144" fromLane="0" toLane="0"/>
    <connection from="-300" to="-301" fromLane="0" toLane="0"/>
    <connection from="-300" to="300" fromLane="0" toLane="0"/>

    <connection from="-301" to="-298" fromLane="0" toLane="0"/>
    <connection from="-301" to="299" fromLane="0" toLane="0"/>
    <connection from="-301" to="301" fromLane="0" toLane="0"/>

    <connection from="-302" to="137" fromLane="0" toLane="0"/>
    <connection from="-302" to="138" fromLane="0" toLane="0"/>
    <connection from="-302" to="302" fromLane="0" toLane="0"/>

    <connection from="-303" to="306" fromLane="0" toLane="0"/>
    <connection from="-303" to="304" fromLane="0" toLane="0"/>
    <connection from="-303" to="303" fromLane="0" toLane="0"/>

    <connection from="-304" to="303" fromLane="0" toLane="0"/>
    <connection from="-304" to="306" fromLane="0" toLane="0"/>
    <connection from="-304" to="304" fromLane="0" toLane="0"/>

    <connection from="-305" to="-304" fromLane="0" toLane="0"/>

    <connection from="-306" to="303" fromLane="0" toLane="0"/>
    <connection from="-306" to="306" fromLane="0" toLane="0"/>
    <connection from="-306" to="304" fromLane="0" toLane="0"/>

    <connection from="-307" to="-6" fromLane="0" toLane="0"/>
    <connection from="-307" to="5" fromLane="0" toLane="0"/>
    <connection from="-307" to="307" fromLane="0" toLane="0"/>

    <connection from="-308" to="310" fromLane="0" toLane="0"/>
    <connection from="-308" to="-307" fromLane="0" toLane="0"/>
    <connection from="-308" to="308" fromLane="0" toLane="0"/>

    <connection from="-309" to="-308" fromLane="0" toLane="0"/>

    <connection from="-31" to="31" fromLane="0" toLane="0"/>

    <connection from="-310" to="-307" fromLane="0" toLane="0"/>
    <connection from="-310" to="308" fromLane="0" toLane="0"/>
    <connection from="-310" to="310" fromLane="0" toLane="0"/>

    <connection from="-312" to="-68" fromLane="0" toLane="0"/>
    <connection from="-312" to="313" fromLane="0" toLane="0"/>

    <connection from="-314" to="71" fromLane="0" toLane="0"/>
    <connection from="-314" to="315" fromLane="0" toLane="0"/>

    <connection from="-316" to="57" fromLane="0" toLane="0"/>
    <connection from="-316" to="317" fromLane="0" toLane="0"/>

    <connection from="-318" to="268" fromLane="0" toLane="0"/>
    <connection from="-318" to="311" fromLane="0" toLane="0"/>

    <connection from="-319" to="-320" fromLane="0" toLane="0"/>
    <connection from="-319" to="141" fromLane="0" toLane="0"/>
    <connection from="-319" to="319" fromLane="0" toLane="0"/>

    <connection from="-32" to="32" fromLane="0" toLane="0"/>

    <connection from="-320" to="-128" fromLane="0" toLane="0"/>
    <connection from="-320" to="321" fromLane="0" toLane="0"/>
    <connection from="-320" to="320" fromLane="0" toLane="0"/>

    <connection from="-321" to="320" fromLane="0" toLane="0"/>
    <connection from="-321" to="-128" fromLane="0" toLane="0"/>
    <connection from="-321" to="321" fromLane="0" toLane="0"/>

    <connection from="-322" to="-321" fromLane="0" toLane="0"/>
    <connection from="-322" to="134" fromLane="0" toLane="0"/>
    <connection from="-322" to="322" fromLane="0" toLane="0"/>

    <connection from="-323" to="-322" fromLane="0" toLane="0"/>
    <connection from="-323" to="323" fromLane="0" toLane="0"/>
    <connection from="-323" to="325" fromLane="0" toLane="0"/>

    <connection from="-324" to="-323" fromLane="0" toLane="0"/>

    <connection from="-325" to="-322" fromLane="0" toLane="0"/>
    <connection from="-325" to="323" fromLane="0" toLane="0"/>
    <connection from="-325" to="325" fromLane="0" toLane="0"/>

    <connection from="-326" to="-160" fromLane="0" toLane="0"/>
    <connection from="-326" to="38" fromLane="0" toLane="0"/>
    <connection from="-326" to="159" fromLane="0" toLane="0"/>
    <connection from="-326" to="326" fromLane="0" toLane="0"/>

    <connection from="-327" to="161" fromLane="0" toLane="0"/>
    <connection from="-327" to="9" fromLane="0" toLane="0"/>
    <connection from="-327" to="160" fromLane="0" toLane="0"/>
    <connection from="-327" to="327" fromLane="0" toLane="0"/>

    <connection from="-33" to="201" fromLane="0" toLane="0"/>
    <connection from="-33" to="202" fromLane="0" toLane="0"/>
    <connection from="-33" to="33" fromLane="0" toLane="0"/>

    <connection from="-34" to="230" fromLane="0" toLane="0"/>
    <connection from="-34" to="35" fromLane="0" toLane="0"/>
    <connection from="-34" to="229" fromLane="0" toLane="0"/>
    <connection from="-34" to="34" fromLane="0" toLane="0"/>

    <connection from="-35" to="229" fromLane="0" toLane="0"/>
    <connection from="-35" to="34" fromLane="0" toLane="0"/>
    <connection from="-35" to="230" fromLane="0" toLane="0"/>
    <connection from="-35" to="35" fromLane="0" toLane="0"/>

    <connection from="-36" to="231" fromLane="0" toLane="0"/>
    <connection from="-36" to="-230" fromLane="0" toLane="0"/>
    <connection from="-36" to="36" fromLane="0" toLane="0"/>

    <connection from="-37" to="227" fromLane="0" toLane="0"/>
    <connection from="-37" to="228" fromLane="0" toLane="0"/>
    <connection from="-37" to="37" fromLane="0" toLane="0"/>

    <connection from="-38" to="159" fromLane="0" toLane="0"/>
    <connection from="-38" to="326" fromLane="0" toLane="0"/>
    <connection from="-38" to="-160" fromLane="0" toLane="0"/>
    <connection from="-38" to="38" fromLane="0" toLane="0"/>

    <connection from="-39" to="45" fromLane="0" toLane="0"/>
    <connection from="-39" to="44" fromLane="0" toLane="0"/>
    <connection from="-39" to="39" fromLane="0" toLane="0"/>

    <connection from="-4" to="-5" fromLane="0" toLane="0"/>
    <connection from="-4" to="110" fromLane="0" toLane="0"/>
    <connection from="-4" to="4" fromLane="0" toLane="0"/>

    <connection from="-40" to="-41" fromLane="0" toLane="0"/>
    <connection from="-40" to="178" fromLane="0" toLane="0"/>
    <connection from="-40" to="40" fromLane="0" toLane="0"/>

    <connection from="-41" to="41" fromLane="0" toLane="0"/>

    <connection from="-42" to="46" fromLane="0" toLane="0"/>

    <connection from="-43" to="-42" fromLane="0" toLane="0"/>

    <connection from="-44" to="39" fromLane="0" toLane="0"/>
    <connection from="-44" to="45" fromLane="0" toLane="0"/>
    <connection from="-44" to="44" fromLane="0" toLane="0"/>

    <connection from="-45" to="44" fromLane="0" toLane="0"/>
    <connection from="-45" to="39" fromLane="0" toLane="0"/>
    <connection from="-45" to="45" fromLane="0" toLane="0"/>

    <connection from="-46" to="42" fromLane="0" toLane="0"/>

    <connection from="-47" to="163" fromLane="0" toLane="0"/>
    <connection from="-47" to="165" fromLane="0" toLane="0"/>
    <connection from="-47" to="47" fromLane="0" toLane="0"/>

    <connection from="-48" to="233" fromLane="0" toLane="0"/>
    <connection from="-48" to="232" fromLane="0" toLane="0"/>
    <connection from="-48" to="48" fromLane="0" toLane="0"/>

    <connection from="-49" to="-13" fromLane="0" toLane="0"/>
    <connection from="-49" to="-12" fromLane="0" toLane="0"/>
    <connection from="-49" to="49" fromLane="0" toLane="0"/>

    <connection from="-5" to="307" fromLane="0" toLane="0"/>
    <connection from="-5" to="-6" fromLane="0" toLane="0"/>
    <connection from="-5" to="5" fromLane="0" toLane="0"/>

    <connection from="-50" to="164" fromLane="0" toLane="0"/>

    <connection from="-51" to="217" fromLane="0" toLane="0"/>
    <connection from="-51" to="218" fromLane="0" toLane="0"/>
    <connection from="-51" to="51" fromLane="0" toLane="0"/>

    <connection from="-53" to="54" fromLane="0" toLane="0"/>

    <connection from="-54" to="53" fromLane="0" toLane="0"/>

    <connection from="-55" to="-120" fromLane="0" toLane="0"/>
    <connection from="-55" to="119" fromLane="0" toLane="0"/>
    <connection from="-55" to="55" fromLane="0" toLane="0"/>

    <connection from="-56" to="248" fromLane="0" toLane="0"/>
    <connection from="-56" to="247" fromLane="0" toLane="0"/>
    <connection from="-56" to="56" fromLane="0" toLane="0"/>

    <connection from="-58" to="94" fromLane="0" toLane="0"/>
    <connection from="-58" to="93" fromLane="0" toLane="0"/>
    <connection from="-58" to="58" fromLane="0" toLane="0"/>

    <connection from="-59" to="-93" fromLane="0" toLane="0"/>
    <connection from="-59" to="92" fromLane="0" toLane="0"/>
    <connection from="-59" to="59" fromLane="0" toLane="0"/>

    <connection from="-6" to="72" fromLane="0" toLane="0"/>

    <connection from="-60" to="95" fromLane="0" toLane="0"/>
    <connection from="-60" to="-94" fromLane="0" toLane="0"/>
    <connection from="-60" to="60" fromLane="0" toLane="0"/>

    <connection from="-63" to="-90" fromLane="0" toLane="0"/>
    <connection from="-63" to="89" fromLane="0" toLane="0"/>
    <connection from="-63" to="63" fromLane="0" toLane="0"/>

    <connection from="-64" to="-89" fromLane="0" toLane="0"/>
    <connection from="-64" to="-88" fromLane="0" toLane="0"/>
    <connection from="-64" to="64" fromLane="0" toLane="0"/>

    <connection from="-65" to="86" fromLane="0" toLane="0"/>
    <connection from="-65" to="-87" fromLane="0" toLane="0"/>
    <connection from="-65" to="65" fromLane="0" toLane="0"/>

    <connection from="-66" to="-85" fromLane="0" toLane="0"/>
    <connection from="-66" to="-86" fromLane="0" toLane="0"/>
    <connection from="-66" to="66" fromLane="0" toLane="0"/>

    <connection from="-67" to="-96" fromLane="0" toLane="0"/>
    <connection from="-67" to="-95" fromLane="0" toLane="0"/>
    <connection from="-67" to="67" fromLane="0" toLane="0"/>

    <connection from="-68" to="6" fromLane="0" toLane="0"/>

    <connection from="-7" to="12" fromLane="0" toLane="0"/>

    <connection from="-73" to="70" fromLane="0" toLane="0"/>

    <connection from="-75" to="17" fromLane="0" toLane="0"/>

    <connection from="-76" to="69" fromLane="0" toLane="0"/>
    <connection from="-76" to="76" fromLane="0" toLane="0"/>

    <connection from="-77" to="-67" fromLane="0" toLane="0"/>
    <connection from="-77" to="-78" fromLane="0" toLane="0"/>
    <connection from="-77" to="77" fromLane="0" toLane="0"/>

    <connection from="-78" to="-60" fromLane="0" toLane="0"/>
    <connection from="-78" to="-79" fromLane="0" toLane="0"/>
    <connection from="-78" to="78" fromLane="0" toLane="0"/>

    <connection from="-79" to="-58" fromLane="0" toLane="0"/>
    <connection from="-79" to="80" fromLane="0" toLane="0"/>
    <connection from="-79" to="79" fromLane="0" toLane="0"/>

    <connection from="-8" to="-10" fromLane="0" toLane="0"/>
    <connection from="-8" to="-7" fromLane="0" toLane="0"/>
    <connection from="-8" to="11" fromLane="0" toLane="0"/>
    <connection from="-8" to="8" fromLane="0" toLane="0"/>

    <connection from="-80" to="79" fromLane="0" toLane="0"/>
    <connection from="-80" to="-58" fromLane="0" toLane="0"/>
    <connection from="-80" to="80" fromLane="0" toLane="0"/>

    <connection from="-81" to="-80" fromLane="0" toLane="0"/>
    <connection from="-81" to="-59" fromLane="0" toLane="0"/>
    <connection from="-81" to="81" fromLane="0" toLane="0"/>

    <connection from="-82" to="-81" fromLane="0" toLane="0"/>
    <connection from="-82" to="61" fromLane="0" toLane="0"/>
    <connection from="-82" to="82" fromLane="0" toLane="0"/>

    <connection from="-83" to="-82" fromLane="0" toLane="0"/>
    <connection from="-83" to="83" fromLane="0" toLane="0"/>

    <connection from="-84" to="-83" fromLane="0" toLane="0"/>
    <connection from="-84" to="-63" fromLane="0" toLane="0"/>
    <connection from="-84" to="84" fromLane="0" toLane="0"/>

    <connection from="-85" to="-84" fromLane="0" toLane="0"/>
    <connection from="-85" to="-64" fromLane="0" toLane="0"/>
    <connection from="-85" to="85" fromLane="0" toLane="0"/>

    <connection from="-86" to="-87" fromLane="0" toLane="0"/>
    <connection from="-86" to="65" fromLane="0" toLane="0"/>
    <connection from="-86" to="86" fromLane="0" toLane="0"/>

    <connection from="-87" to="88" fromLane="0" toLane="0"/>
    <connection from="-87" to="-56" fromLane="0" toLane="0"/>
    <connection from="-87" to="87" fromLane="0" toLane="0"/>

    <connection from="-88" to="-56" fromLane="0" toLane="0"/>
    <connection from="-88" to="87" fromLane="0" toLane="0"/>
    <connection from="-88" to="88" fromLane="0" toLane="0"/>

    <connection from="-89" to="63" fromLane="0" toLane="0"/>
    <connection from="-89" to="-90" fromLane="0" toLane="0"/>
    <connection from="-89" to="89" fromLane="0" toLane="0"/>

    <connection from="-9" to="160" fromLane="0" toLane="0"/>
    <connection from="-9" to="327" fromLane="0" toLane="0"/>
    <connection from="-9" to="161" fromLane="0" toLane="0"/>
    <connection from="-9" to="9" fromLane="0" toLane="0"/>

    <connection from="-90" to="62" fromLane="0" toLane="0"/>
    <connection from="-90" to="-91" fromLane="0" toLane="0"/>
    <connection from="-90" to="90" fromLane="0" toLane="0"/>

    <connection from="-91" to="-92" fromLane="0" toLane="0"/>
    <connection from="-91" to="91" fromLane="0" toLane="0"/>

    <connection from="-92" to="59" fromLane="0" toLane="0"/>
    <connection from="-92" to="-93" fromLane="0" toLane="0"/>
    <connection from="-92" to="92" fromLane="0" toLane="0"/>

    <connection from="-93" to="58" fromLane="0" toLane="0"/>
    <connection from="-93" to="94" fromLane="0" toLane="0"/>
    <connection from="-93" to="93" fromLane="0" toLane="0"/>

    <connection from="-94" to="93" fromLane="0" toLane="0"/>
    <connection from="-94" to="58" fromLane="0" toLane="0"/>
    <connection from="-94" to="94" fromLane="0" toLane="0"/>

    <connection from="-95" to="-94" fromLane="0" toLane="0"/>
    <connection from="-95" to="60" fromLane="0" toLane="0"/>
    <connection from="-95" to="95" fromLane="0" toLane="0"/>

    <connection from="-96" to="97" fromLane="0" toLane="0"/>
    <connection from="-96" to="-55" fromLane="0" toLane="0"/>
    <connection from="-96" to="96" fromLane="0" toLane="0"/>

    <connection from="-97" to="-55" fromLane="0" toLane="0"/>
    <connection from="-97" to="96" fromLane="0" toLane="0"/>
    <connection from="-97" to="97" fromLane="0" toLane="0"/>

    <connection from="1" to="-2" fromLane="0" toLane="0"/>
    <connection from="1" to="-214" fromLane="0" toLane="0"/>
    <connection from="1" to="-1" fromLane="0" toLane="0"/>

    <connection from="10" to="-7" fromLane="0" toLane="0"/>
    <connection from="10" to="11" fromLane="0" toLane="0"/>
    <connection from="10" to="8" fromLane="0" toLane="0"/>
    <connection from="10" to="-10" fromLane="0" toLane="0"/>

    <connection from="101" to="-101" fromLane="0" toLane="0"/>

    <connection from="102" to="-102" fromLane="0" toLane="0"/>

    <connection from="103" to="-103" fromLane="0" toLane="0"/>

    <connection from="104" to="264" fromLane="0" toLane="0"/>
    <connection from="104" to="265" fromLane="0" toLane="0"/>

    <connection from="105" to="106" fromLane="0" toLane="0"/>
    <connection from="105" to="174" fromLane="0" toLane="0"/>
    <connection from="105" to="-105" fromLane="0" toLane="0"/>

    <connection from="106" to="244" fromLane="0" toLane="0"/>
    <connection from="106" to="-107" fromLane="0" toLane="0"/>
    <connection from="106" to="-106" fromLane="0" toLane="0"/>

    <connection from="107" to="-106" fromLane="0" toLane="0"/>
    <connection from="107" to="244" fromLane="0" toLane="0"/>
    <connection from="107" to="-107" fromLane="0" toLane="0"/>

    <connection from="108" to="-108" fromLane="0" toLane="0"/>

    <connection from="109" to="223" fromLane="0" toLane="0"/>
    <connection from="109" to="-224" fromLane="0" toLane="0"/>
    <connection from="109" to="-109" fromLane="0" toLane="0"/>

    <connection from="11" to="286" fromLane="0" toLane="0"/>
    <connection from="11" to="104" fromLane="0" toLane="0"/>
    <connection from="11" to="285" fromLane="0" toLane="0"/>
    <connection from="11" to="-11" fromLane="0" toLane="0"/>

    <connection from="110" to="142" fromLane="0" toLane="0"/>
    <connection from="110" to="-111" fromLane="0" toLane="0"/>
    <connection from="110" to="-110" fromLane="0" toLane="0"/>

    <connection from="111" to="-110" fromLane="0" toLane="0"/>
    <connection from="111" to="142" fromLane="0" toLane="0"/>
    <connection from="111" to="-111" fromLane="0" toLane="0"/>

    <connection from="112" to="133" fromLane="0" toLane="0"/>
    <connection from="112" to="111" fromLane="0" toLane="0"/>
    <connection from="112" to="123" fromLane="0" toLane="0"/>
    <connection from="112" to="-112" fromLane="0" toLane="0"/>

    <connection from="113" to="124" fromLane="0" toLane="0"/>
    <connection from="113" to="114" fromLane="0" toLane="0"/>
    <connection from="113" to="210" fromLane="0" toLane="0"/>
    <connection from="113" to="-113" fromLane="0" toLane="0"/>

    <connection from="114" to="-208" fromLane="0" toLane="0"/>
    <connection from="114" to="-115" fromLane="0" toLane="0"/>
    <connection from="114" to="-212" fromLane="0" toLane="0"/>
    <connection from="114" to="-114" fromLane="0" toLane="0"/>

    <connection from="115" to="-212" fromLane="0" toLane="0"/>
    <connection from="115" to="-114" fromLane="0" toLane="0"/>
    <connection from="115" to="-208" fromLane="0" toLane="0"/>
    <connection from="115" to="-115" fromLane="0" toLane="0"/>

    <connection from="116" to="203" fromLane="0" toLane="0"/>
    <connection from="116" to="-202" fromLane="0" toLane="0"/>
    <connection from="116" to="-116" fromLane="0" toLane="0"/>

    <connection from="117" to="-117" fromLane="0" toLane="0"/>

    <connection from="118" to="-119" fromLane="0" toLane="0"/>
    <connection from="118" to="-148" fromLane="0" toLane="0"/>
    <connection from="118" to="-118" fromLane="0" toLane="0"/>

    <connection from="119" to="-148" fromLane="0" toLane="0"/>
    <connection from="119" to="-118" fromLane="0" toLane="0"/>
    <connection from="119" to="-119" fromLane="0" toLane="0"/>

    <connection from="12" to="49" fromLane="0" toLane="0"/>
    <connection from="12" to="-13" fromLane="0" toLane="0"/>
    <connection from="12" to="-12" fromLane="0" toLane="0"/>

    <connection from="120" to="119" fromLane="0" toLane="0"/>
    <connection from="120" to="55" fromLane="0" toLane="0"/>
    <connection from="120" to="-120" fromLane="0" toLane="0"/>

    <connection from="121" to="-121" fromLane="0" toLane="0"/>

    <connection from="122" to="-122" fromLane="0" toLane="0"/>

    <connection from="123" to="-123" fromLane="0" toLane="0"/>

    <connection from="124" to="-124" fromLane="0" toLane="0"/>

    <connection from="125" to="-125" fromLane="0" toLane="0"/>

    <connection from="126" to="-207" fromLane="0" toLane="0"/>

    <connection from="127" to="-229" fromLane="0" toLane="0"/>
    <connection from="127" to="-228" fromLane="0" toLane="0"/>
    <connection from="127" to="-127" fromLane="0" toLane="0"/>

    <connection from="128" to="321" fromLane="0" toLane="0"/>
    <connection from="128" to="320" fromLane="0" toLane="0"/>
    <connection from="128" to="-128" fromLane="0" toLane="0"/>

    <connection from="129" to="-249" fromLane="0" toLane="0"/>
    <connection from="129" to="-130" fromLane="0" toLane="0"/>

    <connection from="13" to="-12" fromLane="0" toLane="0"/>
    <connection from="13" to="49" fromLane="0" toLane="0"/>
    <connection from="13" to="-13" fromLane="0" toLane="0"/>

    <connection from="131" to="25" fromLane="0" toLane="0"/>
    <connection from="131" to="132" fromLane="0" toLane="0"/>

    <connection from="132" to="136" fromLane="0" toLane="0"/>
    <connection from="132" to="129" fromLane="0" toLane="0"/>

    <connection from="133" to="205" fromLane="0" toLane="0"/>
    <connection from="133" to="204" fromLane="0" toLane="0"/>
    <connection from="133" to="-133" fromLane="0" toLane="0"/>

    <connection from="134" to="-134" fromLane="0" toLane="0"/>

    <connection from="135" to="-135" fromLane="0" toLane="0"/>

    <connection from="136" to="153" fromLane="0" toLane="0"/>
    <connection from="136" to="-137" fromLane="0" toLane="0"/>
    <connection from="136" to="-136" fromLane="0" toLane="0"/>

    <connection from="137" to="-136" fromLane="0" toLane="0"/>
    <connection from="137" to="153" fromLane="0" toLane="0"/>
    <connection from="137" to="-137" fromLane="0" toLane="0"/>

    <connection from="138" to="-139" fromLane="0" toLane="0"/>
    <connection from="138" to="-138" fromLane="0" toLane="0"/>
    <connection from="138" to="-153" fromLane="0" toLane="0"/>

    <connection from="139" to="-138" fromLane="0" toLane="0"/>
    <connection from="139" to="-153" fromLane="0" toLane="0"/>
    <connection from="139" to="-139" fromLane="0" toLane="0"/>

    <connection from="14" to="-245" fromLane="0" toLane="0"/>
    <connection from="14" to="-15" fromLane="0" toLane="0"/>
    <connection from="14" to="-14" fromLane="0" toLane="0"/>

    <connection from="140" to="-140" fromLane="0" toLane="0"/>

    <connection from="141" to="143" fromLane="0" toLane="0"/>

    <connection from="142" to="-142" fromLane="0" toLane="0"/>

    <connection from="143" to="150" fromLane="0" toLane="0"/>
    <connection from="143" to="-149" fromLane="0" toLane="0"/>
    <connection from="143" to="-143" fromLane="0" toLane="0"/>

    <connection from="144" to="-144" fromLane="0" toLane="0"/>

    <connection from="145" to="-145" fromLane="0" toLane="0"/>

    <connection from="146" to="-146" fromLane="0" toLane="0"/>

    <connection from="147" to="-147" fromLane="0" toLane="0"/>

    <connection from="148" to="-118" fromLane="0" toLane="0"/>
    <connection from="148" to="-119" fromLane="0" toLane="0"/>
    <connection from="148" to="-148" fromLane="0" toLane="0"/>

    <connection from="149" to="-143" fromLane="0" toLane="0"/>
    <connection from="149" to="150" fromLane="0" toLane="0"/>
    <connection from="149" to="-149" fromLane="0" toLane="0"/>

    <connection from="15" to="-14" fromLane="0" toLane="0"/>
    <connection from="15" to="-245" fromLane="0" toLane="0"/>
    <connection from="15" to="-15" fromLane="0" toLane="0"/>

    <connection from="150" to="-151" fromLane="0" toLane="0"/>
    <connection from="150" to="152" fromLane="0" toLane="0"/>
    <connection from="150" to="-150" fromLane="0" toLane="0"/>

    <connection from="151" to="152" fromLane="0" toLane="0"/>
    <connection from="151" to="-150" fromLane="0" toLane="0"/>
    <connection from="151" to="-151" fromLane="0" toLane="0"/>

    <connection from="152" to="-152" fromLane="0" toLane="0"/>

    <connection from="153" to="-139" fromLane="0" toLane="0"/>
    <connection from="153" to="-138" fromLane="0" toLane="0"/>
    <connection from="153" to="-153" fromLane="0" toLane="0"/>

    <connection from="154" to="-154" fromLane="0" toLane="0"/>

    <connection from="155" to="190" fromLane="0" toLane="0"/>

    <connection from="156" to="157" fromLane="0" toLane="0"/>

    <connection from="157" to="283" fromLane="0" toLane="0"/>
    <connection from="157" to="-282" fromLane="0" toLane="0"/>
    <connection from="157" to="-157" fromLane="0" toLane="0"/>

    <connection from="158" to="-284" fromLane="0" toLane="0"/>
    <connection from="158" to="222" fromLane="0" toLane="0"/>
    <connection from="158" to="-283" fromLane="0" toLane="0"/>
    <connection from="158" to="-158" fromLane="0" toLane="0"/>

    <connection from="159" to="158" fromLane="0" toLane="0"/>
    <connection from="159" to="156" fromLane="0" toLane="0"/>
    <connection from="159" to="-159" fromLane="0" toLane="0"/>

    <connection from="16" to="15" fromLane="0" toLane="0"/>
    <connection from="16" to="-25" fromLane="0" toLane="0"/>
    <connection from="16" to="-16" fromLane="0" toLane="0"/>

    <connection from="160" to="38" fromLane="0" toLane="0"/>
    <connection from="160" to="159" fromLane="0" toLane="0"/>
    <connection from="160" to="326" fromLane="0" toLane="0"/>
    <connection from="160" to="-160" fromLane="0" toLane="0"/>

    <connection from="161" to="195" fromLane="0" toLane="0"/>
    <connection from="161" to="194" fromLane="0" toLane="0"/>
    <connection from="161" to="-161" fromLane="0" toLane="0"/>

    <connection from="162" to="-162" fromLane="0" toLane="0"/>

    <connection from="163" to="-262" fromLane="0" toLane="0"/>
    <connection from="163" to="288" fromLane="0" toLane="0"/>
    <connection from="163" to="-163" fromLane="0" toLane="0"/>

    <connection from="164" to="250" fromLane="0" toLane="0"/>

    <connection from="165" to="166" fromLane="0" toLane="0"/>
    <connection from="165" to="176" fromLane="0" toLane="0"/>
    <connection from="165" to="-165" fromLane="0" toLane="0"/>

    <connection from="166" to="-217" fromLane="0" toLane="0"/>
    <connection from="166" to="-167" fromLane="0" toLane="0"/>
    <connection from="166" to="-166" fromLane="0" toLane="0"/>

    <connection from="167" to="-166" fromLane="0" toLane="0"/>
    <connection from="167" to="-217" fromLane="0" toLane="0"/>
    <connection from="167" to="-167" fromLane="0" toLane="0"/>

    <connection from="168" to="-50" fromLane="0" toLane="0"/>

    <connection from="17" to="241" fromLane="0" toLane="0"/>
    <connection from="17" to="185" fromLane="0" toLane="0"/>
    <connection from="17" to="-17" fromLane="0" toLane="0"/>

    <connection from="170" to="280" fromLane="0" toLane="0"/>
    <connection from="170" to="280" fromLane="1" toLane="1"/>
    <connection from="170" to="280" fromLane="2" toLane="2"/>

    <connection from="171" to="292" fromLane="0" toLane="0"/>
    <connection from="171" to="254" fromLane="0" toLane="0"/>
    <connection from="171" to="-171" fromLane="0" toLane="0"/>

    <connection from="172" to="-172" fromLane="0" toLane="0"/>

    <connection from="174" to="-223" fromLane="0" toLane="0"/>
    <connection from="174" to="-222" fromLane="0" toLane="0"/>
    <connection from="174" to="-174" fromLane="0" toLane="0"/>

    <connection from="175" to="-176" fromLane="0" toLane="0"/>
    <connection from="175" to="240" fromLane="0" toLane="0"/>
    <connection from="175" to="-175" fromLane="0" toLane="0"/>

    <connection from="176" to="240" fromLane="0" toLane="0"/>
    <connection from="176" to="-175" fromLane="0" toLane="0"/>
    <connection from="176" to="-176" fromLane="0" toLane="0"/>

    <connection from="177" to="179" fromLane="0" toLane="0"/>
    <connection from="177" to="-178" fromLane="0" toLane="0"/>
    <connection from="177" to="-177" fromLane="0" toLane="0"/>

    <connection from="178" to="-177" fromLane="0" toLane="0"/>
    <connection from="178" to="179" fromLane="0" toLane="0"/>
    <connection from="178" to="-178" fromLane="0" toLane="0"/>

    <connection from="179" to="-39" fromLane="0" toLane="0"/>
    <connection from="179" to="-40" fromLane="0" toLane="0"/>
    <connection from="179" to="-179" fromLane="0" toLane="0"/>

    <connection from="18" to="-19" fromLane="0" toLane="0"/>
    <connection from="18" to="-27" fromLane="0" toLane="0"/>
    <connection from="18" to="-18" fromLane="0" toLane="0"/>

    <connection from="180" to="74" fromLane="0" toLane="0"/>

    <connection from="181" to="291" fromLane="0" toLane="0"/>
    <connection from="181" to="289" fromLane="0" toLane="0"/>
    <connection from="181" to="16" fromLane="0" toLane="0"/>
    <connection from="181" to="-181" fromLane="0" toLane="0"/>

    <connection from="185" to="-186" fromLane="0" toLane="0"/>

    <connection from="188" to="-186" fromLane="0" toLane="0"/>

    <connection from="19" to="-27" fromLane="0" toLane="0"/>
    <connection from="19" to="-18" fromLane="0" toLane="0"/>
    <connection from="19" to="-19" fromLane="0" toLane="0"/>

    <connection from="190" to="-190" fromLane="0" toLane="0"/>

    <connection from="191" to="251" fromLane="0" toLane="0"/>
    <connection from="191" to="188" fromLane="0" toLane="0"/>
    <connection from="191" to="-191" fromLane="0" toLane="0"/>

    <connection from="192" to="-192" fromLane="0" toLane="0"/>

    <connection from="193" to="-221" fromLane="0" toLane="0"/>
    <connection from="193" to="-194" fromLane="0" toLane="0"/>
    <connection from="193" to="-193" fromLane="0" toLane="0"/>

    <connection from="194" to="-193" fromLane="0" toLane="0"/>
    <connection from="194" to="-221" fromLane="0" toLane="0"/>
    <connection from="194" to="-194" fromLane="0" toLane="0"/>

    <connection from="195" to="196" fromLane="0" toLane="0"/>
    <connection from="195" to="-260" fromLane="0" toLane="0"/>
    <connection from="195" to="-195" fromLane="0" toLane="0"/>

    <connection from="196" to="-197" fromLane="0" toLane="0"/>
    <connection from="196" to="-261" fromLane="0" toLane="0"/>
    <connection from="196" to="-196" fromLane="0" toLane="0"/>

    <connection from="197" to="-261" fromLane="0" toLane="0"/>
    <connection from="197" to="-196" fromLane="0" toLane="0"/>
    <connection from="197" to="-197" fromLane="0" toLane="0"/>

    <connection from="198" to="197" fromLane="0" toLane="0"/>
    <connection from="198" to="117" fromLane="0" toLane="0"/>
    <connection from="198" to="-198" fromLane="0" toLane="0"/>

    <connection from="199" to="172" fromLane="0" toLane="0"/>
    <connection from="199" to="-200" fromLane="0" toLane="0"/>
    <connection from="199" to="-199" fromLane="0" toLane="0"/>

    <connection from="2" to="-214" fromLane="0" toLane="0"/>
    <connection from="2" to="-1" fromLane="0" toLane="0"/>
    <connection from="2" to="-2" fromLane="0" toLane="0"/>

    <connection from="20" to="-21" fromLane="0" toLane="0"/>
    <connection from="20" to="206" fromLane="0" toLane="0"/>
    <connection from="20" to="-20" fromLane="0" toLane="0"/>

    <connection from="200" to="-199" fromLane="0" toLane="0"/>
    <connection from="200" to="172" fromLane="0" toLane="0"/>
    <connection from="200" to="-200" fromLane="0" toLane="0"/>

    <connection from="201" to="214" fromLane="0" toLane="0"/>

    <connection from="202" to="-116" fromLane="0" toLane="0"/>
    <connection from="202" to="203" fromLane="0" toLane="0"/>
    <connection from="202" to="-202" fromLane="0" toLane="0"/>

    <connection from="203" to="238" fromLane="0" toLane="0"/>
    <connection from="203" to="237" fromLane="0" toLane="0"/>
    <connection from="203" to="-203" fromLane="0" toLane="0"/>

    <connection from="204" to="2" fromLane="0" toLane="0"/>
    <connection from="204" to="-3" fromLane="0" toLane="0"/>
    <connection from="204" to="-204" fromLane="0" toLane="0"/>

    <connection from="205" to="-205" fromLane="0" toLane="0"/>

    <connection from="206" to="-206" fromLane="0" toLane="0"/>

    <connection from="207" to="-126" fromLane="0" toLane="0"/>

    <connection from="208" to="-115" fromLane="0" toLane="0"/>
    <connection from="208" to="-212" fromLane="0" toLane="0"/>
    <connection from="208" to="-114" fromLane="0" toLane="0"/>
    <connection from="208" to="-208" fromLane="0" toLane="0"/>

    <connection from="209" to="-209" fromLane="0" toLane="0"/>

    <connection from="21" to="206" fromLane="0" toLane="0"/>
    <connection from="21" to="-20" fromLane="0" toLane="0"/>
    <connection from="21" to="-21" fromLane="0" toLane="0"/>

    <connection from="210" to="209" fromLane="0" toLane="0"/>
    <connection from="210" to="211" fromLane="0" toLane="0"/>
    <connection from="210" to="-210" fromLane="0" toLane="0"/>

    <connection from="211" to="-213" fromLane="0" toLane="0"/>

    <connection from="212" to="-114" fromLane="0" toLane="0"/>
    <connection from="212" to="-208" fromLane="0" toLane="0"/>
    <connection from="212" to="-115" fromLane="0" toLane="0"/>
    <connection from="212" to="-212" fromLane="0" toLane="0"/>

    <connection from="213" to="-211" fromLane="0" toLane="0"/>

    <connection from="214" to="-1" fromLane="0" toLane="0"/>
    <connection from="214" to="-2" fromLane="0" toLane="0"/>
    <connection from="214" to="-214" fromLane="0" toLane="0"/>

    <connection from="215" to="-215" fromLane="0" toLane="0"/>

    <connection from="216" to="259" fromLane="0" toLane="0"/>
    <connection from="216" to="259" fromLane="0" toLane="1"/>

    <connection from="217" to="-167" fromLane="0" toLane="0"/>
    <connection from="217" to="-166" fromLane="0" toLane="0"/>
    <connection from="217" to="-217" fromLane="0" toLane="0"/>

    <connection from="218" to="-254" fromLane="0" toLane="0"/>
    <connection from="218" to="253" fromLane="0" toLane="0"/>
    <connection from="218" to="-218" fromLane="0" toLane="0"/>

    <connection from="219" to="-285" fromLane="0" toLane="0"/>
    <connection from="219" to="105" fromLane="0" toLane="0"/>
    <connection from="219" to="284" fromLane="0" toLane="0"/>
    <connection from="219" to="-219" fromLane="0" toLane="0"/>

    <connection from="22" to="-319" fromLane="0" toLane="0"/>
    <connection from="22" to="21" fromLane="0" toLane="0"/>
    <connection from="22" to="-22" fromLane="0" toLane="0"/>

    <connection from="220" to="-9" fromLane="0" toLane="0"/>
    <connection from="220" to="221" fromLane="0" toLane="0"/>
    <connection from="220" to="-8" fromLane="0" toLane="0"/>
    <connection from="220" to="-220" fromLane="0" toLane="0"/>

    <connection from="221" to="-194" fromLane="0" toLane="0"/>
    <connection from="221" to="-193" fromLane="0" toLane="0"/>
    <connection from="221" to="-221" fromLane="0" toLane="0"/>

    <connection from="222" to="-174" fromLane="0" toLane="0"/>
    <connection from="222" to="-223" fromLane="0" toLane="0"/>
    <connection from="222" to="-222" fromLane="0" toLane="0"/>

    <connection from="223" to="-222" fromLane="0" toLane="0"/>
    <connection from="223" to="-174" fromLane="0" toLane="0"/>
    <connection from="223" to="-223" fromLane="0" toLane="0"/>

    <connection from="224" to="-109" fromLane="0" toLane="0"/>
    <connection from="224" to="223" fromLane="0" toLane="0"/>
    <connection from="224" to="-224" fromLane="0" toLane="0"/>

    <connection from="225" to="126" fromLane="0" toLane="0"/>
    <connection from="225" to="-226" fromLane="0" toLane="0"/>
    <connection from="225" to="-225" fromLane="0" toLane="0"/>

    <connection from="226" to="-225" fromLane="0" toLane="0"/>
    <connection from="226" to="126" fromLane="0" toLane="0"/>
    <connection from="226" to="-226" fromLane="0" toLane="0"/>

    <connection from="227" to="125" fromLane="0" toLane="0"/>
    <connection from="227" to="226" fromLane="0" toLane="0"/>
    <connection from="227" to="-227" fromLane="0" toLane="0"/>

    <connection from="228" to="-127" fromLane="0" toLane="0"/>
    <connection from="228" to="-229" fromLane="0" toLane="0"/>
    <connection from="228" to="-228" fromLane="0" toLane="0"/>

    <connection from="229" to="-228" fromLane="0" toLane="0"/>
    <connection from="229" to="-127" fromLane="0" toLane="0"/>
    <connection from="229" to="-229" fromLane="0" toLane="0"/>

    <connection from="23" to="146" fromLane="0" toLane="0"/>
    <connection from="23" to="-24" fromLane="0" toLane="0"/>
    <connection from="23" to="-23" fromLane="0" toLane="0"/>

    <connection from="230" to="36" fromLane="0" toLane="0"/>
    <connection from="230" to="231" fromLane="0" toLane="0"/>
    <connection from="230" to="-230" fromLane="0" toLane="0"/>

    <connection from="231" to="154" fromLane="0" toLane="0"/>
    <connection from="231" to="-232" fromLane="0" toLane="0"/>
    <connection from="231" to="-231" fromLane="0" toLane="0"/>

    <connection from="232" to="-231" fromLane="0" toLane="0"/>
    <connection from="232" to="154" fromLane="0" toLane="0"/>
    <connection from="232" to="-232" fromLane="0" toLane="0"/>

    <connection from="233" to="-233" fromLane="0" toLane="0"/>

    <connection from="234" to="-234" fromLane="1" toLane="1"/>

    <connection from="235" to="252" fromLane="0" toLane="0"/>
    <connection from="235" to="252" fromLane="1" toLane="1"/>
    <connection from="235" to="252" fromLane="2" toLane="2"/>

    <connection from="236" to="269" fromLane="0" toLane="0"/>
    <connection from="236" to="269" fromLane="1" toLane="1"/>
    <connection from="236" to="269" fromLane="1" toLane="2"/>

    <connection from="237" to="-31" fromLane="0" toLane="0"/>
    <connection from="237" to="-32" fromLane="0" toLane="0"/>
    <connection from="237" to="-237" fromLane="0" toLane="0"/>

    <connection from="238" to="-238" fromLane="0" toLane="0"/>

    <connection from="239" to="-270" fromLane="1" toLane="0"/>

    <connection from="24" to="-23" fromLane="0" toLane="0"/>
    <connection from="24" to="146" fromLane="0" toLane="0"/>
    <connection from="24" to="-24" fromLane="0" toLane="0"/>

    <connection from="240" to="-240" fromLane="0" toLane="0"/>

    <connection from="241" to="191" fromLane="0" toLane="0"/>

    <connection from="242" to="-243" fromLane="0" toLane="0"/>
    <connection from="242" to="-242" fromLane="0" toLane="0"/>

    <connection from="243" to="-242" fromLane="0" toLane="0"/>
    <connection from="243" to="-243" fromLane="0" toLane="0"/>

    <connection from="244" to="-265" fromLane="0" toLane="0"/>
    <connection from="244" to="-266" fromLane="0" toLane="0"/>
    <connection from="244" to="-244" fromLane="0" toLane="0"/>

    <connection from="245" to="-15" fromLane="0" toLane="0"/>
    <connection from="245" to="-14" fromLane="0" toLane="0"/>
    <connection from="245" to="-245" fromLane="0" toLane="0"/>

    <connection from="246" to="139" fromLane="0" toLane="0"/>
    <connection from="246" to="245" fromLane="0" toLane="0"/>
    <connection from="246" to="-246" fromLane="0" toLane="0"/>

    <connection from="247" to="121" fromLane="0" toLane="0"/>
    <connection from="247" to="246" fromLane="0" toLane="0"/>
    <connection from="247" to="-247" fromLane="0" toLane="0"/>

    <connection from="248" to="118" fromLane="0" toLane="0"/>
    <connection from="248" to="249" fromLane="0" toLane="0"/>
    <connection from="248" to="-248" fromLane="0" toLane="0"/>

    <connection from="249" to="-130" fromLane="0" toLane="0"/>
    <connection from="249" to="-249" fromLane="0" toLane="0"/>

    <connection from="25" to="-16" fromLane="0" toLane="0"/>
    <connection from="25" to="15" fromLane="0" toLane="0"/>
    <connection from="25" to="-25" fromLane="0" toLane="0"/>

    <connection from="250" to="-250" fromLane="0" toLane="0"/>

    <connection from="251" to="272" fromLane="0" toLane="0"/>
    <connection from="251" to="272" fromLane="0" toLane="1"/>

    <connection from="252" to="236" fromLane="0" toLane="0"/>
    <connection from="252" to="236" fromLane="1" toLane="1"/>

    <connection from="253" to="-256" fromLane="0" toLane="0"/>

    <connection from="254" to="253" fromLane="0" toLane="0"/>
    <connection from="254" to="-218" fromLane="0" toLane="0"/>
    <connection from="254" to="-254" fromLane="0" toLane="0"/>

    <connection from="255" to="-255" fromLane="0" toLane="0"/>

    <connection from="256" to="-253" fromLane="0" toLane="0"/>

    <connection from="257" to="276" fromLane="0" toLane="0"/>
    <connection from="257" to="276" fromLane="1" toLane="1"/>

    <connection from="259" to="-243" fromLane="0" toLane="0"/>
    <connection from="259" to="-242" fromLane="1" toLane="0"/>

    <connection from="26" to="120" fromLane="0" toLane="0"/>

    <connection from="260" to="-195" fromLane="0" toLane="0"/>
    <connection from="260" to="196" fromLane="0" toLane="0"/>
    <connection from="260" to="-260" fromLane="0" toLane="0"/>

    <connection from="261" to="-196" fromLane="0" toLane="0"/>
    <connection from="261" to="-197" fromLane="0" toLane="0"/>
    <connection from="261" to="-261" fromLane="0" toLane="0"/>

    <connection from="262" to="288" fromLane="0" toLane="0"/>
    <connection from="262" to="-163" fromLane="0" toLane="0"/>
    <connection from="262" to="-262" fromLane="0" toLane="0"/>

    <connection from="263" to="-264" fromLane="0" toLane="0"/>
    <connection from="263" to="-267" fromLane="0" toLane="0"/>
    <connection from="263" to="-263" fromLane="0" toLane="0"/>

    <connection from="264" to="-267" fromLane="0" toLane="0"/>
    <connection from="264" to="-263" fromLane="0" toLane="0"/>
    <connection from="264" to="-264" fromLane="0" toLane="0"/>

    <connection from="265" to="-266" fromLane="0" toLane="0"/>
    <connection from="265" to="-244" fromLane="0" toLane="0"/>
    <connection from="265" to="-265" fromLane="0" toLane="0"/>

    <connection from="266" to="-244" fromLane="0" toLane="0"/>
    <connection from="266" to="-265" fromLane="0" toLane="0"/>
    <connection from="266" to="-266" fromLane="0" toLane="0"/>

    <connection from="267" to="-263" fromLane="0" toLane="0"/>
    <connection from="267" to="-264" fromLane="0" toLane="0"/>
    <connection from="267" to="-267" fromLane="0" toLane="0"/>

    <connection from="268" to="73" fromLane="0" toLane="0"/>

    <connection from="269" to="273" fromLane="0" toLane="0"/>
    <connection from="269" to="273" fromLane="1" toLane="1"/>
    <connection from="269" to="273" fromLane="2" toLane="2"/>

    <connection from="27" to="-18" fromLane="0" toLane="0"/>
    <connection from="27" to="-19" fromLane="0" toLane="0"/>
    <connection from="27" to="-27" fromLane="0" toLane="0"/>

    <connection from="271" to="-272" fromLane="0" toLane="0"/>
    <connection from="271" to="-272" fromLane="1" toLane="1"/>

    <connection from="272" to="-271" fromLane="0" toLane="0"/>
    <connection from="272" to="-271" fromLane="1" toLane="1"/>
    <connection from="272" to="-271" fromLane="1" toLane="2"/>

    <connection from="273" to="-274" fromLane="0" toLane="0"/>
    <connection from="273" to="-274" fromLane="1" toLane="1"/>

    <connection from="274" to="-273" fromLane="0" toLane="0"/>
    <connection from="274" to="-273" fromLane="1" toLane="1"/>
    <connection from="274" to="-273" fromLane="1" toLane="2"/>

    <connection from="276" to="-279" fromLane="0" toLane="0"/>
    <connection from="276" to="-279" fromLane="1" toLane="1"/>

    <connection from="28" to="-303" fromLane="0" toLane="0"/>
    <connection from="28" to="-302" fromLane="0" toLane="0"/>
    <connection from="28" to="-28" fromLane="0" toLane="0"/>

    <connection from="280" to="239" fromLane="1" toLane="0"/>
    <connection from="280" to="239" fromLane="2" toLane="1"/>

    <connection from="281" to="-289" fromLane="0" toLane="0"/>
    <connection from="281" to="-290" fromLane="0" toLane="0"/>
    <connection from="281" to="-281" fromLane="0" toLane="0"/>

    <connection from="282" to="-157" fromLane="0" toLane="0"/>
    <connection from="282" to="283" fromLane="0" toLane="0"/>
    <connection from="282" to="-282" fromLane="0" toLane="0"/>

    <connection from="283" to="-158" fromLane="0" toLane="0"/>
    <connection from="283" to="-284" fromLane="0" toLane="0"/>
    <connection from="283" to="222" fromLane="0" toLane="0"/>
    <connection from="283" to="-283" fromLane="0" toLane="0"/>

    <connection from="284" to="222" fromLane="0" toLane="0"/>
    <connection from="284" to="-283" fromLane="0" toLane="0"/>
    <connection from="284" to="-158" fromLane="0" toLane="0"/>
    <connection from="284" to="-284" fromLane="0" toLane="0"/>

    <connection from="285" to="105" fromLane="0" toLane="0"/>
    <connection from="285" to="284" fromLane="0" toLane="0"/>
    <connection from="285" to="-219" fromLane="0" toLane="0"/>
    <connection from="285" to="-285" fromLane="0" toLane="0"/>

    <connection from="286" to="13" fromLane="0" toLane="0"/>
    <connection from="286" to="287" fromLane="0" toLane="0"/>
    <connection from="286" to="-286" fromLane="0" toLane="0"/>

    <connection from="287" to="-288" fromLane="0" toLane="0"/>
    <connection from="287" to="267" fromLane="0" toLane="0"/>
    <connection from="287" to="-287" fromLane="0" toLane="0"/>

    <connection from="288" to="267" fromLane="0" toLane="0"/>
    <connection from="288" to="-287" fromLane="0" toLane="0"/>
    <connection from="288" to="-288" fromLane="0" toLane="0"/>

    <connection from="289" to="-290" fromLane="0" toLane="0"/>
    <connection from="289" to="-281" fromLane="0" toLane="0"/>
    <connection from="289" to="-289" fromLane="0" toLane="0"/>

    <connection from="29" to="-29" fromLane="0" toLane="0"/>

    <connection from="290" to="-281" fromLane="0" toLane="0"/>
    <connection from="290" to="-289" fromLane="0" toLane="0"/>
    <connection from="290" to="-290" fromLane="0" toLane="0"/>

    <connection from="291" to="-292" fromLane="0" toLane="0"/>

    <connection from="292" to="-291" fromLane="0" toLane="0"/>

    <connection from="294" to="297" fromLane="0" toLane="0"/>
    <connection from="294" to="295" fromLane="0" toLane="0"/>
    <connection from="294" to="-294" fromLane="0" toLane="0"/>

    <connection from="295" to="296" fromLane="0" toLane="0"/>

    <connection from="296" to="-297" fromLane="0" toLane="0"/>

    <connection from="297" to="-296" fromLane="0" toLane="0"/>

    <connection from="298" to="299" fromLane="0" toLane="0"/>
    <connection from="298" to="301" fromLane="0" toLane="0"/>
    <connection from="298" to="-298" fromLane="0" toLane="0"/>

    <connection from="299" to="147" fromLane="0" toLane="0"/>
    <connection from="299" to="-300" fromLane="0" toLane="0"/>
    <connection from="299" to="-299" fromLane="0" toLane="0"/>

    <connection from="3" to="-204" fromLane="0" toLane="0"/>
    <connection from="3" to="2" fromLane="0" toLane="0"/>
    <connection from="3" to="-3" fromLane="0" toLane="0"/>

    <connection from="30" to="-30" fromLane="0" toLane="0"/>

    <connection from="300" to="-299" fromLane="0" toLane="0"/>
    <connection from="300" to="147" fromLane="0" toLane="0"/>
    <connection from="300" to="-300" fromLane="0" toLane="0"/>

    <connection from="301" to="300" fromLane="0" toLane="0"/>
    <connection from="301" to="144" fromLane="0" toLane="0"/>
    <connection from="301" to="-301" fromLane="0" toLane="0"/>

    <connection from="302" to="-28" fromLane="0" toLane="0"/>
    <connection from="302" to="-303" fromLane="0" toLane="0"/>
    <connection from="302" to="-302" fromLane="0" toLane="0"/>

    <connection from="303" to="-302" fromLane="0" toLane="0"/>
    <connection from="303" to="-28" fromLane="0" toLane="0"/>
    <connection from="303" to="-303" fromLane="0" toLane="0"/>

    <connection from="304" to="305" fromLane="0" toLane="0"/>

    <connection from="305" to="-306" fromLane="0" toLane="0"/>

    <connection from="306" to="-305" fromLane="0" toLane="0"/>

    <connection from="307" to="308" fromLane="0" toLane="0"/>
    <connection from="307" to="310" fromLane="0" toLane="0"/>
    <connection from="307" to="-307" fromLane="0" toLane="0"/>

    <connection from="308" to="309" fromLane="0" toLane="0"/>

    <connection from="309" to="-310" fromLane="0" toLane="0"/>

    <connection from="31" to="-32" fromLane="0" toLane="0"/>
    <connection from="31" to="-237" fromLane="0" toLane="0"/>
    <connection from="31" to="-31" fromLane="0" toLane="0"/>

    <connection from="310" to="-309" fromLane="0" toLane="0"/>

    <connection from="311" to="-312" fromLane="0" toLane="0"/>

    <connection from="313" to="-314" fromLane="0" toLane="0"/>

    <connection from="315" to="-316" fromLane="0" toLane="0"/>

    <connection from="317" to="-318" fromLane="0" toLane="0"/>

    <connection from="319" to="21" fromLane="0" toLane="0"/>
    <connection from="319" to="-22" fromLane="0" toLane="0"/>
    <connection from="319" to="-319" fromLane="0" toLane="0"/>

    <connection from="32" to="-237" fromLane="0" toLane="0"/>
    <connection from="32" to="-31" fromLane="0" toLane="0"/>
    <connection from="32" to="-32" fromLane="0" toLane="0"/>

    <connection from="320" to="141" fromLane="0" toLane="0"/>
    <connection from="320" to="319" fromLane="0" toLane="0"/>
    <connection from="320" to="-320" fromLane="0" toLane="0"/>

    <connection from="321" to="134" fromLane="0" toLane="0"/>
    <connection from="321" to="322" fromLane="0" toLane="0"/>
    <connection from="321" to="-321" fromLane="0" toLane="0"/>

    <connection from="322" to="323" fromLane="0" toLane="0"/>
    <connection from="322" to="325" fromLane="0" toLane="0"/>
    <connection from="322" to="-322" fromLane="0" toLane="0"/>

    <connection from="323" to="324" fromLane="0" toLane="0"/>

    <connection from="324" to="-325" fromLane="0" toLane="0"/>

    <connection from="325" to="-324" fromLane="0" toLane="0"/>

    <connection from="326" to="-327" fromLane="0" toLane="0"/>

    <connection from="327" to="-326" fromLane="0" toLane="0"/>

    <connection from="33" to="-33" fromLane="0" toLane="0"/>

    <connection from="34" to="-34" fromLane="0" toLane="0"/>

    <connection from="35" to="-35" fromLane="0" toLane="0"/>

    <connection from="36" to="-36" fromLane="0" toLane="0"/>

    <connection from="37" to="-37" fromLane="0" toLane="0"/>

    <connection from="38" to="220" fromLane="0" toLane="0"/>
    <connection from="38" to="219" fromLane="0" toLane="0"/>
    <connection from="38" to="-38" fromLane="0" toLane="0"/>

    <connection from="39" to="-40" fromLane="0" toLane="0"/>
    <connection from="39" to="-179" fromLane="0" toLane="0"/>
    <connection from="39" to="-39" fromLane="0" toLane="0"/>

    <connection from="4" to="135" fromLane="0" toLane="0"/>
    <connection from="4" to="3" fromLane="0" toLane="0"/>
    <connection from="4" to="-4" fromLane="0" toLane="0"/>

    <connection from="40" to="-179" fromLane="0" toLane="0"/>
    <connection from="40" to="-39" fromLane="0" toLane="0"/>
    <connection from="40" to="-40" fromLane="0" toLane="0"/>

    <connection from="41" to="178" fromLane="0" toLane="0"/>
    <connection from="41" to="40" fromLane="0" toLane="0"/>
    <connection from="41" to="-41" fromLane="0" toLane="0"/>

    <connection from="42" to="43" fromLane="0" toLane="0"/>

    <connection from="43" to="-43" fromLane="0" toLane="0"/>

    <connection from="44" to="263" fromLane="0" toLane="0"/>
    <connection from="44" to="262" fromLane="0" toLane="0"/>
    <connection from="44" to="-44" fromLane="0" toLane="0"/>

    <connection from="45" to="177" fromLane="0" toLane="0"/>
    <connection from="45" to="-46" fromLane="0" toLane="0"/>
    <connection from="45" to="-45" fromLane="0" toLane="0"/>

    <connection from="46" to="-45" fromLane="0" toLane="0"/>
    <connection from="46" to="177" fromLane="0" toLane="0"/>
    <connection from="46" to="-46" fromLane="0" toLane="0"/>

    <connection from="47" to="175" fromLane="0" toLane="0"/>
    <connection from="47" to="168" fromLane="0" toLane="0"/>
    <connection from="47" to="-47" fromLane="0" toLane="0"/>

    <connection from="48" to="-48" fromLane="0" toLane="0"/>

    <connection from="49" to="-49" fromLane="0" toLane="0"/>

    <connection from="5" to="110" fromLane="0" toLane="0"/>
    <connection from="5" to="4" fromLane="0" toLane="0"/>
    <connection from="5" to="-5" fromLane="0" toLane="0"/>

    <connection from="50" to="-168" fromLane="0" toLane="0"/>

    <connection from="51" to="-51" fromLane="0" toLane="0"/>

    <connection from="53" to="-53" fromLane="0" toLane="0"/>

    <connection from="54" to="167" fromLane="0" toLane="0"/>

    <connection from="55" to="96" fromLane="0" toLane="0"/>
    <connection from="55" to="97" fromLane="0" toLane="0"/>
    <connection from="55" to="-55" fromLane="0" toLane="0"/>

    <connection from="56" to="87" fromLane="0" toLane="0"/>
    <connection from="56" to="88" fromLane="0" toLane="0"/>
    <connection from="56" to="-56" fromLane="0" toLane="0"/>

    <connection from="57" to="76" fromLane="0" toLane="0"/>
    <connection from="57" to="69" fromLane="0" toLane="0"/>

    <connection from="58" to="80" fromLane="0" toLane="0"/>
    <connection from="58" to="79" fromLane="0" toLane="0"/>
    <connection from="58" to="-58" fromLane="0" toLane="0"/>

    <connection from="59" to="81" fromLane="0" toLane="0"/>
    <connection from="59" to="-80" fromLane="0" toLane="0"/>
    <connection from="59" to="-59" fromLane="0" toLane="0"/>

    <connection from="6" to="5" fromLane="0" toLane="0"/>
    <connection from="6" to="307" fromLane="0" toLane="0"/>
    <connection from="6" to="-6" fromLane="0" toLane="0"/>

    <connection from="60" to="-79" fromLane="0" toLane="0"/>
    <connection from="60" to="78" fromLane="0" toLane="0"/>
    <connection from="60" to="-60" fromLane="0" toLane="0"/>

    <connection from="61" to="-92" fromLane="0" toLane="0"/>
    <connection from="61" to="91" fromLane="0" toLane="0"/>

    <connection from="62" to="83" fromLane="0" toLane="0"/>
    <connection from="62" to="-82" fromLane="0" toLane="0"/>

    <connection from="63" to="84" fromLane="0" toLane="0"/>
    <connection from="63" to="-83" fromLane="0" toLane="0"/>
    <connection from="63" to="-63" fromLane="0" toLane="0"/>

    <connection from="64" to="85" fromLane="0" toLane="0"/>
    <connection from="64" to="-84" fromLane="0" toLane="0"/>
    <connection from="64" to="-64" fromLane="0" toLane="0"/>

    <connection from="65" to="-65" fromLane="0" toLane="0"/>

    <connection from="66" to="-66" fromLane="0" toLane="0"/>

    <connection from="67" to="-78" fromLane="0" toLane="0"/>
    <connection from="67" to="77" fromLane="0" toLane="0"/>
    <connection from="67" to="-67" fromLane="0" toLane="0"/>

    <connection from="69" to="-318" fromLane="0" toLane="0"/>

    <connection from="7" to="11" fromLane="0" toLane="0"/>
    <connection from="7" to="8" fromLane="0" toLane="0"/>
    <connection from="7" to="-10" fromLane="0" toLane="0"/>
    <connection from="7" to="-7" fromLane="0" toLane="0"/>

    <connection from="70" to="-312" fromLane="0" toLane="0"/>

    <connection from="71" to="-180" fromLane="0" toLane="0"/>

    <connection from="72" to="-314" fromLane="0" toLane="0"/>

    <connection from="73" to="242" fromLane="0" toLane="0"/>

    <connection from="74" to="-316" fromLane="0" toLane="0"/>

    <connection from="75" to="243" fromLane="0" toLane="0"/>

    <connection from="76" to="-97" fromLane="0" toLane="0"/>
    <connection from="76" to="-77" fromLane="0" toLane="0"/>
    <connection from="76" to="-76" fromLane="0" toLane="0"/>

    <connection from="77" to="-76" fromLane="0" toLane="0"/>
    <connection from="77" to="-97" fromLane="0" toLane="0"/>
    <connection from="77" to="-77" fromLane="0" toLane="0"/>

    <connection from="78" to="77" fromLane="0" toLane="0"/>
    <connection from="78" to="-67" fromLane="0" toLane="0"/>
    <connection from="78" to="-78" fromLane="0" toLane="0"/>

    <connection from="79" to="78" fromLane="0" toLane="0"/>
    <connection from="79" to="-60" fromLane="0" toLane="0"/>
    <connection from="79" to="-79" fromLane="0" toLane="0"/>

    <connection from="8" to="-220" fromLane="0" toLane="0"/>
    <connection from="8" to="-9" fromLane="0" toLane="0"/>
    <connection from="8" to="221" fromLane="0" toLane="0"/>
    <connection from="8" to="-8" fromLane="0" toLane="0"/>

    <connection from="80" to="-59" fromLane="0" toLane="0"/>
    <connection from="80" to="81" fromLane="0" toLane="0"/>
    <connection from="80" to="-80" fromLane="0" toLane="0"/>

    <connection from="81" to="61" fromLane="0" toLane="0"/>
    <connection from="81" to="82" fromLane="0" toLane="0"/>
    <connection from="81" to="-81" fromLane="0" toLane="0"/>

    <connection from="82" to="83" fromLane="0" toLane="0"/>
    <connection from="82" to="-82" fromLane="0" toLane="0"/>

    <connection from="83" to="-63" fromLane="0" toLane="0"/>
    <connection from="83" to="84" fromLane="0" toLane="0"/>
    <connection from="83" to="-83" fromLane="0" toLane="0"/>

    <connection from="84" to="-64" fromLane="0" toLane="0"/>
    <connection from="84" to="85" fromLane="0" toLane="0"/>
    <connection from="84" to="-84" fromLane="0" toLane="0"/>

    <connection from="85" to="-86" fromLane="0" toLane="0"/>
    <connection from="85" to="66" fromLane="0" toLane="0"/>
    <connection from="85" to="-85" fromLane="0" toLane="0"/>

    <connection from="86" to="66" fromLane="0" toLane="0"/>
    <connection from="86" to="-85" fromLane="0" toLane="0"/>
    <connection from="86" to="-86" fromLane="0" toLane="0"/>

    <connection from="87" to="65" fromLane="0" toLane="0"/>
    <connection from="87" to="86" fromLane="0" toLane="0"/>
    <connection from="87" to="-87" fromLane="0" toLane="0"/>

    <connection from="88" to="64" fromLane="0" toLane="0"/>
    <connection from="88" to="-89" fromLane="0" toLane="0"/>
    <connection from="88" to="-88" fromLane="0" toLane="0"/>

    <connection from="89" to="-88" fromLane="0" toLane="0"/>
    <connection from="89" to="64" fromLane="0" toLane="0"/>
    <connection from="89" to="-89" fromLane="0" toLane="0"/>

    <connection from="9" to="221" fromLane="0" toLane="0"/>
    <connection from="9" to="-8" fromLane="0" toLane="0"/>
    <connection from="9" to="-220" fromLane="0" toLane="0"/>
    <connection from="9" to="-9" fromLane="0" toLane="0"/>

    <connection from="90" to="89" fromLane="0" toLane="0"/>
    <connection from="90" to="63" fromLane="0" toLane="0"/>
    <connection from="90" to="-90" fromLane="0" toLane="0"/>

    <connection from="91" to="90" fromLane="0" toLane="0"/>
    <connection from="91" to="62" fromLane="0" toLane="0"/>
    <connection from="91" to="-91" fromLane="0" toLane="0"/>

    <connection from="92" to="91" fromLane="0" toLane="0"/>
    <connection from="92" to="-92" fromLane="0" toLane="0"/>

    <connection from="93" to="92" fromLane="0" toLane="0"/>
    <connection from="93" to="59" fromLane="0" toLane="0"/>
    <connection from="93" to="-93" fromLane="0" toLane="0"/>

    <connection from="94" to="60" fromLane="0" toLane="0"/>
    <connection from="94" to="95" fromLane="0" toLane="0"/>
    <connection from="94" to="-94" fromLane="0" toLane="0"/>

    <connection from="95" to="67" fromLane="0" toLane="0"/>
    <connection from="95" to="-96" fromLane="0" toLane="0"/>
    <connection from="95" to="-95" fromLane="0" toLane="0"/>

    <connection from="96" to="-95" fromLane="0" toLane="0"/>
    <connection from="96" to="67" fromLane="0" toLane="0"/>
    <connection from="96" to="-96" fromLane="0" toLane="0"/>

    <connection from="97" to="-77" fromLane="0" toLane="0"/>
    <connection from="97" to="-76" fromLane="0" toLane="0"/>
    <connection from="97" to="-97" fromLane="0" toLane="0"/>

    <connection from="98" to="257" fromLane="0" toLane="0"/>
    <connection from="98" to="257" fromLane="0" toLane="1"/>

</connections>
