<?xml version="1.0" encoding="UTF-8"?>

<!-- generated on 2025-11-30 16:22:33 by Eclipse SUMO netconvert Version 1.23.1
<netconvertConfiguration xmlns:xsi="http://www.w3.org/2001/XMLSchema-instance" xsi:noNamespaceSchemaLocation="http://sumo.dlr.de/xsd/netconvertConfiguration.xsd">

    <input>
        <sumo-net-file value="import/sumo/leopoldshafen/leopoldshafen.net.xml"/>
    </input>

    <output>
        <plain-output-prefix value="leopoldshafen"/>
    </output>

    <processing>
        <geometry.min-radius.fix.railways value="false"/>
        <geometry.avoid-overlap value="false"/>
        <geometry.max-grade.fix value="false"/>
        <offset.disable-normalization value="true"/>
        <roundabouts.guess value="false"/>
        <lefthand value="0"/>
    </processing>

    <junctions>
        <no-turnarounds value="true"/>
        <junctions.corner-detail value="5"/>
        <junctions.limit-turn-speed value="5.50"/>
        <rectangular-lane-cut value="0"/>
    </junctions>

    <pedestrian>
        <walkingareas value="0"/>
    </pedestrian>

</netconvertConfiguration>
-->

<nodes version="1.20" xmlns:xsi="http://www.w3.org/2001/XMLSchema-instance" xsi:noNamespaceSchemaLocation="http://sumo.dlr.de/xsd/nodes_file.xsd">
    <location netOffset="-454107.18,-5436567.40" convBoundary="0.00,0.00,5392.33,3549.07" origBoundary="8.371163,49.080362,8.445264,49.112392" projParameter="+proj=utm +zone=32 +ellps=WGS84 +datum=WGS84 +units=m +no_defs"/>

    <node id="1" x="2279.35" y="1715.72" type="priority"/>
    <node id="10" x="2125.08" y="1773.86" type="priority"/>
    <node id="100" x="2842.14" y="1539.60" type="priority"/>
    <node id="101" x="2563.16" y="1624.68" type="priority"/>
    <node id="102" x="2966.34" y="1492.48" type="priority"/>
    <node id="103" x="2553.81" y="1538.18" type="priority"/>
    <node id="104" x="3369.67" y="2253.93" type="priority"/>
    <node id="105" x="3316.90" y="2173.17" type="priority"/>
    <node id="109" x="4318.56" y="1059.95" type="priority"/>
    <node id="11" x="3019.58" y="1471.20" type="priority"/>
    <node id="110" x="5392.33" y="1181.23" type="priority"/>
    <node id="111" x="2154.67" y="1960.83" type="priority"/>
    <node id="112" x="2020.19" y="1998.64" type="priority"/>
    <node id="113" x="1853.26" y="1627.96" type="priority"/>
    <node id="114" x="1866.53" y="1594.44" type="priority"/>
    <node id="115" x="1558.80" y="1946.34" type="priority"/>
    <node id="116" x="1689.99" y="1955.07" type="priority"/>
    <node id="117" x="1690.99" y="1792.60" type="priority"/>
    <node id="118" x="1979.44" y="1720.15" type="priority"/>
    <node id="119" x="2054.98" y="1696.07" type="priority"/>
    <node id="12" x="3113.46" y="1422.11" type="priority"/>
    <node id="120" x="1957.41" y="1827.57" type="priority"/>
    <node id="121" x="1924.58" y="1739.82" type="priority"/>
    <node id="122" x="2471.87" y="1727.43" type="priority"/>
    <node id="123" x="2603.27" y="2218.14" type="priority"/>
    <node id="124" x="2195.60" y="2053.86" type="priority"/>
    <node id="125" x="2064.80" y="2094.44" type="priority"/>
    <node id="126" x="2330.12" y="1301.44" type="priority"/>
    <node id="127" x="2233.68" y="1090.91" type="priority"/>
    <node id="128" x="2281.38" y="1256.58" type="priority"/>
    <node id="129" x="2523.35" y="1919.75" type="priority"/>
    <node id="13" x="2118.29" y="1440.53" type="priority"/>
    <node id="130" x="2573.57" y="1906.75" type="priority"/>
    <node id="131" x="2507.39" y="1860.07" type="priority"/>
    <node id="132" x="2554.85" y="1846.93" type="priority"/>
    <node id="133" x="2540.72" y="1984.55" type="priority"/>
    <node id="134" x="2593.21" y="1969.17" type="priority"/>
    <node id="135" x="1979.44" y="1668.52" type="priority"/>
    <node id="136" x="2045.05" y="1647.16" type="priority"/>
    <node id="137" x="1981.36" y="1679.85" type="priority"/>
    <node id="138" x="1862.80" y="1707.10" type="priority"/>
    <node id="139" x="1966.87" y="1604.62" type="priority"/>
    <node id="14" x="2427.09" y="1631.92" type="priority"/>
    <node id="140" x="2145.44" y="1507.61" type="priority"/>
    <node id="141" x="2221.84" y="1469.10" type="priority"/>
    <node id="142" x="2111.04" y="1426.92" type="priority"/>
    <node id="143" x="2346.54" y="1902.33" type="priority"/>
    <node id="144" x="2216.44" y="1444.32" type="priority"/>
    <node id="145" x="2178.87" y="1443.94" type="priority"/>
    <node id="146" x="2406.64" y="1746.09" type="priority"/>
    <node id="147" x="2434.15" y="1833.80" type="priority"/>
    <node id="148" x="2060.02" y="1156.84" type="priority"/>
    <node id="149" x="2364.16" y="1460.68" type="priority"/>
    <node id="15" x="2410.49" y="1581.74" type="priority"/>
    <node id="150" x="2376.28" y="1536.78" type="priority"/>
    <node id="151" x="2243.84" y="1567.04" type="priority"/>
    <node id="152" x="2323.71" y="1551.30" type="priority"/>
    <node id="153" x="2489.37" y="1792.77" type="priority"/>
    <node id="154" x="2537.47" y="1779.39" type="priority"/>
    <node id="155" x="2236.50" y="1577.73" type="priority"/>
    <node id="156" x="2213.27" y="1415.70" type="priority"/>
    <node id="157" x="2314.22" y="1470.13" type="priority"/>
    <node id="158" x="2195.18" y="1600.95" type="right_before_left"/>
    <node id="159" x="2214.94" y="1594.63" type="priority"/>
    <node id="16" x="2256.30" y="1637.42" type="priority"/>
    <node id="160" x="2116.51" y="1569.95" type="priority"/>
    <node id="161" x="2130.02" y="1475.69" type="priority"/>
    <node id="162" x="2068.79" y="1485.88" type="priority"/>
    <node id="163" x="2126.53" y="1623.46" type="right_before_left"/>
    <node id="164" x="2105.29" y="1629.80" type="priority"/>
    <node id="165" x="2379.46" y="1435.87" type="priority"/>
    <node id="166" x="2270.64" y="1475.86" type="priority"/>
    <node id="167" x="2303.78" y="1471.39" type="priority"/>
    <node id="168" x="2288.64" y="1362.91" type="priority"/>
    <node id="169" x="2096.19" y="1379.87" type="priority"/>
    <node id="17" x="2212.39" y="1651.08" type="right_before_left"/>
    <node id="170" x="2064.96" y="1271.04" type="priority"/>
    <node id="171" x="1976.01" y="1494.16" type="priority"/>
    <node id="172" x="1913.94" y="1469.40" type="priority"/>
    <node id="173" x="1930.14" y="1049.51" type="priority"/>
    <node id="174" x="1878.35" y="1924.62" type="priority"/>
    <node id="175" x="1945.39" y="1907.40" type="priority"/>
    <node id="176" x="1926.77" y="1838.70" type="priority"/>
    <node id="177" x="1871.37" y="1857.27" type="priority"/>
    <node id="178" x="1948.60" y="2201.26" type="priority"/>
    <node id="179" x="1697.22" y="1780.11" type="priority"/>
    <node id="18" x="2108.28" y="1436.60" type="priority"/>
    <node id="180" x="1377.44" y="2224.56" type="priority"/>
    <node id="181" x="936.06" y="2137.48" type="priority"/>
    <node id="183" x="3087.64" y="1701.34" type="priority"/>
    <node id="184" x="3110.14" y="1750.84" type="priority"/>
    <node id="185" x="2108.29" y="1867.95" type="priority"/>
    <node id="186" x="2159.54" y="1860.91" type="priority"/>
    <node id="187" x="2110.82" y="1872.85" type="priority"/>
    <node id="188" x="2024.90" y="1912.43" type="priority"/>
    <node id="19" x="2021.97" y="1468.13" type="priority"/>
    <node id="191" x="1674.80" y="1940.51" type="priority"/>
    <node id="192" x="1866.09" y="1788.46" type="priority"/>
    <node id="193" x="1248.63" y="2322.48" type="priority"/>
    <node id="194" x="1290.17" y="2011.75" type="priority"/>
    <node id="195" x="1199.99" y="2182.54" type="priority"/>
    <node id="196" x="1219.04" y="2148.03" type="priority"/>
    <node id="197" x="1231.26" y="2159.50" type="priority"/>
    <node id="198" x="2971.15" y="1446.39" type="priority"/>
    <node id="2" x="2588.95" y="1666.73" type="priority"/>
    <node id="20" x="2500.82" y="1599.65" type="priority"/>
    <node id="201" x="3146.27" y="1403.80" type="priority"/>
    <node id="202" x="3159.58" y="1397.78" type="priority"/>
    <node id="203" x="3133.79" y="1453.49" type="priority"/>
    <node id="205" x="1487.64" y="0.00" type="priority"/>
    <node id="206" x="2245.92" y="2246.05" type="priority"/>
    <node id="207" x="2214.74" y="2262.35" type="priority"/>
    <node id="208" x="2381.02" y="2251.74" type="priority"/>
    <node id="209" x="2651.09" y="2213.74" type="priority"/>
    <node id="21" x="2265.06" y="1665.52" type="priority"/>
    <node id="210" x="2340.62" y="1765.52" type="priority"/>
    <node id="211" x="2364.63" y="1971.43" type="priority"/>
    <node id="212" x="2250.92" y="1616.87" type="priority"/>
    <node id="213" x="2341.60" y="1600.31" type="priority"/>
    <node id="214" x="2590.48" y="2036.41" type="priority"/>
    <node id="215" x="2571.24" y="2098.50" type="priority"/>
    <node id="216" x="2478.12" y="2001.06" type="priority"/>
    <node id="217" x="2493.30" y="2054.37" type="priority"/>
    <node id="218" x="2410.08" y="2067.16" type="priority"/>
    <node id="219" x="2299.82" y="1777.33" type="priority"/>
    <node id="22" x="2081.08" y="1323.17" type="priority"/>
    <node id="220" x="2885.43" y="2977.25" type="priority"/>
    <node id="221" x="2206.86" y="3172.56" type="priority"/>
    <node id="222" x="2899.35" y="1387.23" type="priority"/>
    <node id="223" x="1236.32" y="2403.62" type="priority"/>
    <node id="224" x="2361.30" y="2276.95" type="priority"/>
    <node id="225" x="1787.04" y="2086.17" type="priority"/>
    <node id="226" x="1850.14" y="2193.96" type="priority"/>
    <node id="227" x="2007.61" y="1476.91" type="priority"/>
    <node id="228" x="3934.29" y="3140.48" type="priority"/>
    <node id="229" x="3972.56" y="1086.66" type="priority"/>
    <node id="23" x="2187.76" y="1290.82" type="priority"/>
    <node id="230" x="4064.61" y="1078.68" type="priority"/>
    <node id="231" x="4116.22" y="1074.35" type="priority"/>
    <node id="232" x="4154.80" y="1072.73" type="priority"/>
    <node id="233" x="2673.32" y="2300.01" type="priority"/>
    <node id="234" x="2647.02" y="2199.57" type="priority"/>
    <node id="235" x="3161.59" y="1856.75" type="priority"/>
    <node id="236" x="3263.52" y="2054.60" type="priority"/>
    <node id="237" x="1228.40" y="2303.15" type="priority"/>
    <node id="238" x="1188.90" y="2291.66" type="priority"/>
    <node id="239" x="2865.01" y="1531.75" type="priority"/>
    <node id="24" x="2170.86" y="1163.01" type="priority"/>
    <node id="240" x="1690.10" y="1839.82" type="priority"/>
    <node id="241" x="1657.16" y="1836.39" type="priority"/>
    <node id="242" x="1940.59" y="1131.87" type="priority"/>
    <node id="243" x="2121.05" y="1429.77" type="priority"/>
    <node id="244" x="500.96" y="2110.04" type="priority"/>
    <node id="245" x="3884.64" y="1097.86" type="priority"/>
    <node id="246" x="2487.57" y="2398.33" type="priority"/>
    <node id="247" x="2979.49" y="3549.07" type="priority"/>
    <node id="248" x="3077.98" y="1706.76" type="priority"/>
    <node id="249" x="2204.11" y="2166.21" type="priority"/>
    <node id="25" x="2134.72" y="1306.45" type="priority"/>
    <node id="250" x="2220.86" y="2119.29" type="priority"/>
    <node id="251" x="1431.91" y="2182.91" type="priority"/>
    <node id="252" x="1402.11" y="2084.13" type="priority"/>
    <node id="253" x="4227.59" y="1067.22" type="priority"/>
    <node id="254" x="3953.40" y="1088.64" type="priority"/>
    <node id="255" x="4264.04" y="1064.28" type="priority"/>
    <node id="256" x="2996.24" y="1511.59" type="priority"/>
    <node id="258" x="2074.87" y="1790.87" type="priority"/>
    <node id="259" x="2153.64" y="1845.85" type="priority"/>
    <node id="26" x="2586.32" y="2154.83" type="priority"/>
    <node id="260" x="2407.25" y="1567.31" type="priority"/>
    <node id="261" x="2402.94" y="1563.73" type="priority"/>
    <node id="262" x="2208.55" y="1285.86" type="priority"/>
    <node id="263" x="2209.42" y="1278.76" type="priority"/>
    <node id="264" x="2531.02" y="1667.94" type="priority"/>
    <node id="265" x="2539.31" y="1665.64" type="priority"/>
    <node id="266" x="2198.04" y="1406.11" type="priority"/>
    <node id="267" x="2197.30" y="1399.13" type="priority"/>
    <node id="268" x="1922.54" y="1960.24" type="priority"/>
    <node id="27" x="2637.83" y="2140.46" type="priority"/>
    <node id="28" x="2498.71" y="2118.78" type="priority"/>
    <node id="29" x="2515.10" y="2172.20" type="priority"/>
    <node id="3" x="1513.91" y="2267.70" type="priority"/>
    <node id="30" x="2704.98" y="2294.73" type="priority"/>
    <node id="31" x="2465.33" y="2348.25" type="priority"/>
    <node id="32" x="2564.84" y="2223.35" type="priority"/>
    <node id="33" x="2608.16" y="2267.63" type="priority"/>
    <node id="34" x="1964.06" y="1557.20" type="priority"/>
    <node id="35" x="1882.64" y="1554.34" type="priority"/>
    <node id="36" x="2012.11" y="1541.91" type="priority"/>
    <node id="37" x="1965.28" y="1528.41" type="priority"/>
    <node id="38" x="1897.87" y="1511.97" type="priority"/>
    <node id="39" x="1969.25" y="1615.91" type="priority"/>
    <node id="4" x="1901.71" y="2047.97" type="priority"/>
    <node id="40" x="2023.02" y="1597.56" type="priority"/>
    <node id="41" x="1884.17" y="1964.03" type="priority"/>
    <node id="42" x="1749.85" y="2030.87" type="priority"/>
    <node id="43" x="1359.43" y="2065.85" type="priority"/>
    <node id="44" x="1147.96" y="2225.29" type="priority"/>
    <node id="45" x="1269.36" y="1982.70" type="priority"/>
    <node id="46" x="1259.78" y="1966.69" type="priority"/>
    <node id="47" x="1237.45" y="1929.71" type="priority"/>
    <node id="48" x="1391.40" y="2092.83" type="priority"/>
    <node id="49" x="1347.56" y="2246.94" type="priority"/>
    <node id="5" x="1761.17" y="2209.39" type="priority"/>
    <node id="50" x="1208.53" y="2284.32" type="priority"/>
    <node id="51" x="1984.65" y="1482.92" type="priority"/>
    <node id="52" x="1970.79" y="1438.09" type="priority"/>
    <node id="53" x="1500.32" y="2251.72" type="priority"/>
    <node id="54" x="1371.83" y="2342.75" type="priority"/>
    <node id="55" x="1131.11" y="2228.81" type="priority"/>
    <node id="56" x="1142.37" y="2231.91" type="priority"/>
    <node id="57" x="1545.72" y="2589.06" type="priority"/>
    <node id="58" x="1593.88" y="2571.20" type="priority"/>
    <node id="6" x="1691.69" y="2125.84" type="priority"/>
    <node id="61" x="1221.85" y="2481.18" type="priority"/>
    <node id="62" x="0.00" y="3351.89" type="priority"/>
    <node id="63" x="1227.45" y="2461.77" type="priority"/>
    <node id="64" x="2478.00" y="1517.17" type="priority"/>
    <node id="65" x="2540.73" y="1501.22" type="priority"/>
    <node id="66" x="2377.84" y="1122.93" type="priority"/>
    <node id="67" x="2430.36" y="1107.62" type="priority"/>
    <node id="68" x="2570.50" y="1610.68" type="priority"/>
    <node id="69" x="2569.71" y="1592.61" type="priority"/>
    <node id="7" x="1625.06" y="2035.45" type="priority"/>
    <node id="70" x="2502.90" y="1365.05" type="priority"/>
    <node id="71" x="2694.69" y="1304.49" type="priority"/>
    <node id="72" x="2493.89" y="1301.44" type="priority"/>
    <node id="73" x="2641.38" y="1256.45" type="priority"/>
    <node id="74" x="2519.38" y="1424.36" type="priority"/>
    <node id="75" x="2735.22" y="1359.94" type="priority"/>
    <node id="76" x="2589.43" y="1210.22" type="priority"/>
    <node id="77" x="2481.17" y="1246.36" type="priority"/>
    <node id="78" x="2475.05" y="1240.44" type="priority"/>
    <node id="79" x="2581.86" y="1203.27" type="priority"/>
    <node id="8" x="1439.89" y="2176.72" type="priority"/>
    <node id="80" x="2453.45" y="1186.79" type="priority"/>
    <node id="81" x="2537.75" y="1164.26" type="priority"/>
    <node id="82" x="2438.03" y="1133.23" type="priority"/>
    <node id="83" x="2521.07" y="1107.58" type="priority"/>
    <node id="84" x="2423.85" y="1066.96" type="priority"/>
    <node id="85" x="2381.96" y="1052.90" type="priority"/>
    <node id="86" x="2511.92" y="1073.55" type="priority"/>
    <node id="87" x="2521.23" y="911.26" type="priority"/>
    <node id="88" x="2534.93" y="1480.32" type="priority"/>
    <node id="89" x="2754.66" y="1415.45" type="priority"/>
    <node id="9" x="1933.19" y="1075.26" type="priority"/>
    <node id="90" x="2545.50" y="1708.74" type="priority"/>
    <node id="91" x="2535.07" y="1679.92" type="priority"/>
    <node id="92" x="2591.77" y="1616.90" type="priority"/>
    <node id="93" x="2586.78" y="1636.06" type="priority"/>
    <node id="94" x="2579.58" y="1608.61" type="priority"/>
    <node id="95" x="2612.89" y="1613.14" type="priority"/>
    <node id="96" x="2593.27" y="1621.98" type="priority"/>
    <node id="97" x="2565.63" y="1631.94" type="priority"/>
    <node id="98" x="2537.22" y="1636.54" type="priority"/>
    <node id="99" x="2578.88" y="1638.68" type="priority"/>
</nodes>
