<?xml version="1.0" encoding="UTF-8"?>

<!-- generated on 2025-11-30 16:22:33 by Eclipse SUMO netconvert Version 1.23.1
<netconvertConfiguration xmlns:xsi="http://www.w3.org/2001/XMLSchema-instance" xsi:noNamespaceSchemaLocation="http://sumo.dlr.de/xsd/netconvertConfiguration.xsd">

    <input>
        <sumo-net-file value="import/sumo/leopoldshafen/leopoldshafen.net.xml"/>
    </input>

    <output>
        <plain-output-prefix value="leopoldshafen"/>
    </output>

    <processing>
        <geometry.min-radius.fix.railways value="false"/>
        <geometry.avoid-overlap value="false"/>
        <geometry.max-grade.fix value="false"/>
        <offset.disable-normalization value="true"/>
        <roundabouts.guess value="false"/>
        <lefthand value="0"/>
    </processing>

    <junctions>
        <no-turnarounds value="true"/>
        <junctions.corner-detail value="5"/>
        <junctions.limit-turn-speed value="5.50"/>
        <rectangular-lane-cut value="0"/>
    </junctions>

    <pedestrian>
        <walkingareas value="0"/>
    </pedestrian>

</netconvertConfiguration>
-->

<edges version="1.20" xmlns:xsi="http://www.w3.org/2001/XMLSchema-instance" xsi:noNamespaceSchemaLocation="http://sumo.dlr.de/xsd/edges_file.xsd">
    <location netOffset="-454107.18,-5436567.40" convBoundary="0.00,0.00,5392.33,3549.07" origBoundary="8.371163,49.080362,8.445264,49.112392" projParameter="+proj=utm +zone=32 +ellps=WGS84 +datum=WGS84 +units=m +no_defs"/>

    <edge id="-1" from="219" to="1" priority="-1" numLanes="1" speed="13.89" allow="passenger">
        <param key="capacity" value="400.00"/>
    </edge>
    <edge id="-10" from="6" to="5" priority="-1" numLanes="1" speed="13.89" allow="passenger">
        <param key="capacity" value="400.00"/>
    </edge>
    <edge id="-101" from="110" to="109" priority="-1" numLanes="1" speed="22.22" allow="passenger">
        <param key="capacity" value="1000.00"/>
    </edge>
    <edge id="-102" from="112" to="111" priority="-1" numLanes="1" speed="13.89" allow="passenger">
        <param key="capacity" value="400.00"/>
    </edge>
    <edge id="-103" from="114" to="113" priority="-1" numLanes="1" speed="13.89" allow="passenger">
        <param key="capacity" value="400.00"/>
    </edge>
    <edge id="-105" from="191" to="116" priority="-1" numLanes="1" speed="13.89" allow="passenger">
        <param key="capacity" value="400.00"/>
    </edge>
    <edge id="-106" from="240" to="191" priority="-1" numLanes="1" speed="13.89" allow="passenger">
        <param key="capacity" value="400.00"/>
    </edge>
    <edge id="-107" from="240" to="117" priority="-1" numLanes="1" speed="13.89" allow="passenger">
        <param key="capacity" value="400.00"/>
    </edge>
    <edge id="-108" from="119" to="118" priority="-1" numLanes="1" speed="13.89" allow="passenger">
        <param key="capacity" value="400.00"/>
    </edge>
    <edge id="-109" from="121" to="120" priority="-1" numLanes="1" speed="13.89" allow="passenger">
        <param key="capacity" value="400.00"/>
    </edge>
    <edge id="-11" from="7" to="6" priority="-1" numLanes="1" speed="13.89" allow="passenger">
        <param key="capacity" value="400.00"/>
    </edge>
    <edge id="-110" from="153" to="122" priority="-1" numLanes="1" speed="13.89" allow="passenger">
        <param key="capacity" value="400.00"/>
    </edge>
    <edge id="-111" from="153" to="131" priority="-1" numLanes="1" speed="13.89" allow="passenger">
        <param key="capacity" value="400.00"/>
    </edge>
    <edge id="-112" from="131" to="129" priority="-1" numLanes="1" speed="13.89" allow="passenger">
        <param key="capacity" value="400.00"/>
    </edge>
    <edge id="-113" from="133" to="129" priority="-1" numLanes="1" speed="13.89" allow="passenger">
        <param key="capacity" value="400.00"/>
    </edge>
    <edge id="-114" from="215" to="133" priority="-1" numLanes="1" speed="13.89" allow="passenger">
        <param key="capacity" value="400.00"/>
    </edge>
    <edge id="-115" from="215" to="26" priority="-1" numLanes="1" speed="13.89" allow="passenger">
        <param key="capacity" value="400.00"/>
    </edge>
    <edge id="-116" from="123" to="26" priority="-1" numLanes="1" speed="13.89" allow="passenger">
        <param key="capacity" value="400.00"/>
    </edge>
    <edge id="-117" from="125" to="124" priority="-1" numLanes="1" speed="13.89" allow="passenger">
        <param key="capacity" value="400.00"/>
    </edge>
    <edge id="-118" from="165" to="126" priority="-1" numLanes="1" speed="13.89" allow="passenger">
        <param key="capacity" value="400.00"/>
    </edge>
    <edge id="-119" from="165" to="64" priority="-1" numLanes="1" speed="13.89" allow="passenger">
        <param key="capacity" value="400.00"/>
    </edge>
    <edge id="-12" from="53" to="3" priority="-1" numLanes="1" speed="13.89" allow="passenger">
        <param key="capacity" value="400.00"/>
    </edge>
    <edge id="-120" from="64" to="20" priority="-1" numLanes="1" speed="13.89" allow="passenger">
        <param key="capacity" value="400.00"/>
    </edge>
    <edge id="-121" from="128" to="127" priority="-1" numLanes="1" speed="13.89" allow="passenger">
        <param key="capacity" value="400.00"/>
    </edge>
    <edge id="-122" from="130" to="129" priority="-1" numLanes="1" speed="13.89" allow="passenger">
        <param key="capacity" value="400.00"/>
    </edge>
    <edge id="-123" from="132" to="131" priority="-1" numLanes="1" speed="13.89" allow="passenger">
        <param key="capacity" value="400.00"/>
    </edge>
    <edge id="-124" from="134" to="133" priority="-1" numLanes="1" speed="13.89" allow="passenger">
        <param key="capacity" value="400.00"/>
    </edge>
    <edge id="-125" from="136" to="135" priority="-1" numLanes="1" speed="13.89" allow="passenger">
        <param key="capacity" value="400.00"/>
    </edge>
    <edge id="-126" from="138" to="137" priority="-1" numLanes="1" speed="13.89" allow="passenger">
        <param key="capacity" value="400.00"/>
    </edge>
    <edge id="-127" from="139" to="113" priority="-1" numLanes="1" speed="13.89" allow="passenger">
        <param key="capacity" value="400.00"/>
    </edge>
    <edge id="-128" from="141" to="140" priority="-1" numLanes="1" speed="13.89" allow="passenger">
        <param key="capacity" value="400.00"/>
    </edge>
    <edge id="-13" from="53" to="8" priority="-1" numLanes="1" speed="13.89" allow="passenger">
        <param key="capacity" value="400.00"/>
    </edge>
    <edge id="-130" from="243" to="13" priority="-1" numLanes="1" speed="13.89" allow="passenger">
        <param key="capacity" value="400.00"/>
    </edge>
    <edge id="-133" from="143" to="131" priority="-1" numLanes="1" speed="13.89" allow="passenger">
        <param key="capacity" value="400.00"/>
    </edge>
    <edge id="-134" from="145" to="144" priority="-1" numLanes="1" speed="13.89" allow="passenger">
        <param key="capacity" value="400.00"/>
    </edge>
    <edge id="-135" from="147" to="146" priority="-1" numLanes="1" speed="13.89" allow="passenger">
        <param key="capacity" value="400.00"/>
    </edge>
    <edge id="-136" from="169" to="142" priority="-1" numLanes="1" speed="13.89" allow="passenger">
        <param key="capacity" value="400.00"/>
    </edge>
    <edge id="-137" from="169" to="22" priority="-1" numLanes="1" speed="13.89" allow="passenger">
        <param key="capacity" value="400.00"/>
    </edge>
    <edge id="-138" from="170" to="22" priority="-1" numLanes="1" speed="13.89" allow="passenger">
        <param key="capacity" value="400.00"/>
    </edge>
    <edge id="-139" from="170" to="148" priority="-1" numLanes="1" speed="13.89" allow="passenger">
        <param key="capacity" value="400.00"/>
    </edge>
    <edge id="-14" from="242" to="9" priority="-1" numLanes="1" speed="22.22" allow="passenger">
        <param key="capacity" value="1000.00"/>
    </edge>
    <edge id="-140" from="150" to="149" priority="-1" numLanes="1" speed="13.89" allow="passenger">
        <param key="capacity" value="400.00"/>
    </edge>
    <edge id="-141" from="152" to="151" priority="-1" numLanes="1" speed="13.89" allow="passenger">
        <param key="capacity" value="400.00"/>
    </edge>
    <edge id="-142" from="154" to="153" priority="-1" numLanes="1" speed="13.89" allow="passenger">
        <param key="capacity" value="400.00"/>
    </edge>
    <edge id="-143" from="157" to="152" priority="-1" numLanes="1" speed="13.89" allow="passenger">
        <param key="capacity" value="400.00"/>
    </edge>
    <edge id="-144" from="159" to="158" priority="-1" numLanes="1" speed="8.33" allow="passenger">
        <param key="capacity" value="200.00"/>
    </edge>
    <edge id="-145" from="160" to="140" priority="-1" numLanes="1" speed="13.89" allow="passenger">
        <param key="capacity" value="400.00"/>
    </edge>
    <edge id="-146" from="162" to="161" priority="-1" numLanes="1" speed="13.89" allow="passenger">
        <param key="capacity" value="400.00"/>
    </edge>
    <edge id="-147" from="164" to="163" priority="-1" numLanes="1" speed="8.33" allow="passenger">
        <param key="capacity" value="200.00"/>
    </edge>
    <edge id="-148" from="165" to="149" priority="-1" numLanes="1" speed="13.89" allow="passenger">
        <param key="capacity" value="400.00"/>
    </edge>
    <edge id="-149" from="157" to="149" priority="-1" numLanes="1" speed="13.89" allow="passenger">
        <param key="capacity" value="400.00"/>
    </edge>
    <edge id="-15" from="242" to="19" priority="-1" numLanes="1" speed="22.22" allow="passenger">
        <param key="capacity" value="1000.00"/>
    </edge>
    <edge id="-150" from="167" to="157" priority="-1" numLanes="1" speed="13.89" allow="passenger">
        <param key="capacity" value="400.00"/>
    </edge>
    <edge id="-151" from="167" to="166" priority="-1" numLanes="1" speed="13.89" allow="passenger">
        <param key="capacity" value="400.00"/>
    </edge>
    <edge id="-152" from="168" to="167" priority="-1" numLanes="1" speed="13.89" allow="passenger">
        <param key="capacity" value="400.00"/>
    </edge>
    <edge id="-153" from="170" to="169" priority="-1" numLanes="1" speed="13.89" allow="passenger">
        <param key="capacity" value="400.00"/>
    </edge>
    <edge id="-154" from="172" to="171" priority="-1" numLanes="1" speed="13.89" allow="passenger">
        <param key="capacity" value="400.00"/>
    </edge>
    <edge id="-155" from="173" to="9" priority="-1" numLanes="1" speed="22.22" allow="passenger">
        <param key="capacity" value="1000.00"/>
    </edge>
    <edge id="-156" from="175" to="174" priority="-1" numLanes="1" speed="8.33" allow="passenger">
        <param key="capacity" value="200.00"/>
    </edge>
    <edge id="-157" from="176" to="175" priority="-1" numLanes="1" speed="8.33" allow="passenger">
        <param key="capacity" value="200.00"/>
    </edge>
    <edge id="-158" from="177" to="174" priority="-1" numLanes="1" speed="13.89" allow="passenger">
        <param key="capacity" value="400.00"/>
    </edge>
    <edge id="-159" from="174" to="41" priority="-1" numLanes="1" speed="13.89" allow="passenger">
        <param key="capacity" value="400.00"/>
    </edge>
    <edge id="-16" from="19" to="10" priority="-1" numLanes="1" speed="22.22" allow="passenger">
        <param key="capacity" value="1000.00"/>
    </edge>
    <edge id="-160" from="41" to="4" priority="-1" numLanes="1" speed="13.89" allow="passenger">
        <param key="capacity" value="400.00"/>
    </edge>
    <edge id="-161" from="178" to="4" priority="-1" numLanes="1" speed="13.89" allow="passenger">
        <param key="capacity" value="400.00"/>
    </edge>
    <edge id="-162" from="179" to="117" priority="-1" numLanes="1" speed="13.89" allow="passenger">
        <param key="capacity" value="400.00"/>
    </edge>
    <edge id="-163" from="180" to="49" priority="-1" numLanes="1" speed="22.22" allow="passenger">
        <param key="capacity" value="1000.00"/>
    </edge>
    <edge id="-164" from="181" to="55" priority="-1" numLanes="1" speed="13.89" allow="passenger">
        <param key="capacity" value="400.00"/>
    </edge>
    <edge id="-165" from="193" to="49" priority="-1" numLanes="1" speed="22.22" allow="passenger">
        <param key="capacity" value="1000.00"/>
    </edge>
    <edge id="-166" from="223" to="193" priority="-1" numLanes="1" speed="22.22" allow="passenger">
        <param key="capacity" value="1000.00"/>
    </edge>
    <edge id="-167" from="223" to="63" priority="-1" numLanes="1" speed="22.22" allow="passenger">
        <param key="capacity" value="1000.00"/>
    </edge>
    <edge id="-168" from="56" to="50" priority="-1" numLanes="1" speed="13.89" allow="passenger">
        <param key="capacity" value="400.00"/>
    </edge>
    <edge id="-17" from="12" to="11" priority="-1" numLanes="1" speed="22.22" allow="passenger">
        <param key="capacity" value="1000.00"/>
    </edge>
    <edge id="-171" from="186" to="185" priority="-1" numLanes="1" speed="13.89" allow="passenger">
        <param key="capacity" value="400.00"/>
    </edge>
    <edge id="-172" from="188" to="187" priority="-1" numLanes="1" speed="13.89" allow="passenger">
        <param key="capacity" value="400.00"/>
    </edge>
    <edge id="-174" from="192" to="191" priority="-1" numLanes="1" speed="13.89" allow="passenger">
        <param key="capacity" value="400.00"/>
    </edge>
    <edge id="-175" from="237" to="50" priority="-1" numLanes="1" speed="13.89" allow="passenger">
        <param key="capacity" value="400.00"/>
    </edge>
    <edge id="-176" from="237" to="193" priority="-1" numLanes="1" speed="13.89" allow="passenger">
        <param key="capacity" value="400.00"/>
    </edge>
    <edge id="-177" from="196" to="194" priority="-1" numLanes="1" speed="13.89" allow="passenger">
        <param key="capacity" value="400.00"/>
    </edge>
    <edge id="-178" from="196" to="195" priority="-1" numLanes="1" speed="13.89" allow="passenger">
        <param key="capacity" value="400.00"/>
    </edge>
    <edge id="-179" from="197" to="196" priority="-1" numLanes="1" speed="13.89" allow="passenger">
        <param key="capacity" value="400.00"/>
    </edge>
    <edge id="-18" from="21" to="1" priority="-1" numLanes="1" speed="13.89" allow="passenger">
        <param key="capacity" value="400.00"/>
    </edge>
    <edge id="-180" from="98" to="1" priority="-1" numLanes="1" speed="22.22" allow="passenger">
        <param key="capacity" value="1000.00"/>
    </edge>
    <edge id="-181" from="10" to="1" priority="-1" numLanes="1" speed="22.22" allow="passenger">
        <param key="capacity" value="1000.00"/>
    </edge>
    <edge id="-186" from="203" to="183" priority="-1" numLanes="1" speed="22.22" allow="passenger">
        <param key="capacity" value="1100.00"/>
    </edge>
    <edge id="-19" from="21" to="16" priority="-1" numLanes="1" speed="13.89" allow="passenger">
        <param key="capacity" value="400.00"/>
    </edge>
    <edge id="-190" from="205" to="173" priority="-1" numLanes="1" speed="22.22" allow="passenger">
        <param key="capacity" value="1000.00"/>
    </edge>
    <edge id="-191" from="202" to="201" priority="-1" numLanes="1" speed="22.22" allow="passenger">
        <param key="capacity" value="1000.00"/>
    </edge>
    <edge id="-192" from="207" to="206" priority="-1" numLanes="1" speed="13.89" allow="passenger">
        <param key="capacity" value="400.00"/>
    </edge>
    <edge id="-193" from="226" to="5" priority="-1" numLanes="1" speed="13.89" allow="passenger">
        <param key="capacity" value="400.00"/>
    </edge>
    <edge id="-194" from="226" to="178" priority="-1" numLanes="1" speed="13.89" allow="passenger">
        <param key="capacity" value="400.00"/>
    </edge>
    <edge id="-195" from="249" to="178" priority="-1" numLanes="1" speed="13.89" allow="passenger">
        <param key="capacity" value="400.00"/>
    </edge>
    <edge id="-196" from="250" to="249" priority="-1" numLanes="1" speed="13.89" allow="passenger">
        <param key="capacity" value="400.00"/>
    </edge>
    <edge id="-197" from="250" to="124" priority="-1" numLanes="1" speed="13.89" allow="passenger">
        <param key="capacity" value="400.00"/>
    </edge>
    <edge id="-198" from="124" to="111" priority="-1" numLanes="1" speed="13.89" allow="passenger">
        <param key="capacity" value="400.00"/>
    </edge>
    <edge id="-199" from="187" to="111" priority="-1" numLanes="1" speed="13.89" allow="passenger">
        <param key="capacity" value="400.00"/>
    </edge>
    <edge id="-2" from="219" to="210" priority="-1" numLanes="1" speed="13.89" allow="passenger">
        <param key="capacity" value="400.00"/>
    </edge>
    <edge id="-20" from="212" to="16" priority="-1" numLanes="1" speed="13.89" allow="passenger">
        <param key="capacity" value="400.00"/>
    </edge>
    <edge id="-200" from="187" to="185" priority="-1" numLanes="1" speed="13.89" allow="passenger">
        <param key="capacity" value="400.00"/>
    </edge>
    <edge id="-201" from="208" to="32" priority="-1" numLanes="1" speed="13.89" allow="passenger">
        <param key="capacity" value="400.00"/>
    </edge>
    <edge id="-202" from="123" to="32" priority="-1" numLanes="1" speed="13.89" allow="passenger">
        <param key="capacity" value="400.00"/>
    </edge>
    <edge id="-203" from="209" to="123" priority="-1" numLanes="1" speed="13.89" allow="passenger">
        <param key="capacity" value="400.00"/>
    </edge>
    <edge id="-204" from="210" to="143" priority="-1" numLanes="1" speed="13.89" allow="passenger">
        <param key="capacity" value="400.00"/>
    </edge>
    <edge id="-205" from="211" to="143" priority="-1" numLanes="1" speed="13.89" allow="passenger">
        <param key="capacity" value="400.00"/>
    </edge>
    <edge id="-206" from="213" to="212" priority="-1" numLanes="1" speed="13.89" allow="passenger">
        <param key="capacity" value="400.00"/>
    </edge>
    <edge id="-207" from="138" to="113" priority="-1" numLanes="1" speed="13.89" allow="passenger">
        <param key="capacity" value="400.00"/>
    </edge>
    <edge id="-208" from="215" to="214" priority="-1" numLanes="1" speed="13.89" allow="passenger">
        <param key="capacity" value="400.00"/>
    </edge>
    <edge id="-209" from="217" to="216" priority="-1" numLanes="1" speed="13.89" allow="passenger">
        <param key="capacity" value="400.00"/>
    </edge>
    <edge id="-21" from="212" to="155" priority="-1" numLanes="1" speed="13.89" allow="passenger">
        <param key="capacity" value="400.00"/>
    </edge>
    <edge id="-210" from="216" to="133" priority="-1" numLanes="1" speed="13.89" allow="passenger">
        <param key="capacity" value="400.00"/>
    </edge>
    <edge id="-211" from="218" to="216" priority="-1" numLanes="1" speed="13.89" allow="passenger">
        <param key="capacity" value="400.00"/>
    </edge>
    <edge id="-212" from="215" to="28" priority="-1" numLanes="1" speed="13.89" allow="passenger">
        <param key="capacity" value="400.00"/>
    </edge>
    <edge id="-213" from="218" to="28" priority="-1" numLanes="1" speed="13.89" allow="passenger">
        <param key="capacity" value="400.00"/>
    </edge>
    <edge id="-214" from="219" to="208" priority="-1" numLanes="1" speed="13.89" allow="passenger">
        <param key="capacity" value="400.00"/>
    </edge>
    <edge id="-215" from="221" to="220" priority="-1" numLanes="1" speed="19.44" allow="passenger">
        <param key="capacity" value="800.00"/>
    </edge>
    <edge id="-217" from="223" to="57" priority="-1" numLanes="1" speed="19.44" allow="passenger">
        <param key="capacity" value="800.00"/>
    </edge>
    <edge id="-218" from="224" to="57" priority="-1" numLanes="1" speed="19.44" allow="passenger">
        <param key="capacity" value="800.00"/>
    </edge>
    <edge id="-219" from="116" to="42" priority="-1" numLanes="1" speed="13.89" allow="passenger">
        <param key="capacity" value="400.00"/>
    </edge>
    <edge id="-22" from="155" to="140" priority="-1" numLanes="1" speed="13.89" allow="passenger">
        <param key="capacity" value="400.00"/>
    </edge>
    <edge id="-220" from="225" to="42" priority="-1" numLanes="1" speed="13.89" allow="passenger">
        <param key="capacity" value="400.00"/>
    </edge>
    <edge id="-221" from="226" to="225" priority="-1" numLanes="1" speed="13.89" allow="passenger">
        <param key="capacity" value="400.00"/>
    </edge>
    <edge id="-222" from="192" to="177" priority="-1" numLanes="1" speed="13.89" allow="passenger">
        <param key="capacity" value="400.00"/>
    </edge>
    <edge id="-223" from="192" to="121" priority="-1" numLanes="1" speed="13.89" allow="passenger">
        <param key="capacity" value="400.00"/>
    </edge>
    <edge id="-224" from="121" to="118" priority="-1" numLanes="1" speed="13.89" allow="passenger">
        <param key="capacity" value="400.00"/>
    </edge>
    <edge id="-225" from="137" to="118" priority="-1" numLanes="1" speed="13.89" allow="passenger">
        <param key="capacity" value="400.00"/>
    </edge>
    <edge id="-226" from="137" to="135" priority="-1" numLanes="1" speed="13.89" allow="passenger">
        <param key="capacity" value="400.00"/>
    </edge>
    <edge id="-227" from="135" to="39" priority="-1" numLanes="1" speed="13.89" allow="passenger">
        <param key="capacity" value="400.00"/>
    </edge>
    <edge id="-228" from="139" to="39" priority="-1" numLanes="1" speed="13.89" allow="passenger">
        <param key="capacity" value="400.00"/>
    </edge>
    <edge id="-229" from="139" to="34" priority="-1" numLanes="1" speed="13.89" allow="passenger">
        <param key="capacity" value="400.00"/>
    </edge>
    <edge id="-23" from="161" to="140" priority="-1" numLanes="1" speed="13.89" allow="passenger">
        <param key="capacity" value="400.00"/>
    </edge>
    <edge id="-230" from="37" to="34" priority="-1" numLanes="1" speed="13.89" allow="passenger">
        <param key="capacity" value="400.00"/>
    </edge>
    <edge id="-231" from="171" to="37" priority="-1" numLanes="1" speed="13.89" allow="passenger">
        <param key="capacity" value="400.00"/>
    </edge>
    <edge id="-232" from="171" to="51" priority="-1" numLanes="1" speed="13.89" allow="passenger">
        <param key="capacity" value="400.00"/>
    </edge>
    <edge id="-233" from="227" to="51" priority="-1" numLanes="1" speed="13.89" allow="passenger">
        <param key="capacity" value="400.00"/>
    </edge>
    <edge id="-234" from="228" to="104" priority="-1" numLanes="2" speed="27.78" allow="passenger">
        <param key="capacity" value="2600.00"/>
    </edge>
    <edge id="-235" from="230" to="229" priority="-1" numLanes="4" speed="22.22" allow="passenger">
        <param key="capacity" value="2000.00"/>
    </edge>
    <edge id="-236" from="232" to="231" priority="-1" numLanes="2" speed="22.22" allow="passenger">
        <param key="capacity" value="2000.00"/>
    </edge>
    <edge id="-237" from="233" to="209" priority="-1" numLanes="1" speed="13.89" allow="passenger">
        <param key="capacity" value="400.00"/>
    </edge>
    <edge id="-238" from="234" to="209" priority="-1" numLanes="1" speed="13.89" allow="passenger">
        <param key="capacity" value="400.00"/>
    </edge>
    <edge id="-24" from="161" to="13" priority="-1" numLanes="1" speed="13.89" allow="passenger">
        <param key="capacity" value="400.00"/>
    </edge>
    <edge id="-240" from="238" to="237" priority="-1" numLanes="1" speed="13.89" allow="passenger">
        <param key="capacity" value="400.00"/>
    </edge>
    <edge id="-241" from="201" to="12" priority="-1" numLanes="1" speed="22.22" allow="passenger">
        <param key="capacity" value="1000.00"/>
    </edge>
    <edge id="-242" from="239" to="100" priority="-1" numLanes="1" speed="22.22" allow="passenger">
        <param key="capacity" value="1000.00"/>
    </edge>
    <edge id="-243" from="239" to="102" priority="-1" numLanes="1" speed="22.22" allow="passenger">
        <param key="capacity" value="1000.00"/>
    </edge>
    <edge id="-244" from="241" to="240" priority="-1" numLanes="1" speed="13.89" allow="passenger">
        <param key="capacity" value="400.00"/>
    </edge>
    <edge id="-245" from="242" to="148" priority="-1" numLanes="1" speed="13.89" allow="passenger">
        <param key="capacity" value="400.00"/>
    </edge>
    <edge id="-246" from="148" to="127" priority="-1" numLanes="1" speed="13.89" allow="passenger">
        <param key="capacity" value="400.00"/>
    </edge>
    <edge id="-247" from="127" to="66" priority="-1" numLanes="1" speed="13.89" allow="passenger">
        <param key="capacity" value="400.00"/>
    </edge>
    <edge id="-248" from="126" to="66" priority="-1" numLanes="1" speed="13.89" allow="passenger">
        <param key="capacity" value="400.00"/>
    </edge>
    <edge id="-249" from="243" to="126" priority="-1" numLanes="1" speed="13.89" allow="passenger">
        <param key="capacity" value="400.00"/>
    </edge>
    <edge id="-25" from="19" to="18" priority="-1" numLanes="1" speed="13.89" allow="passenger">
        <param key="capacity" value="400.00"/>
    </edge>
    <edge id="-250" from="244" to="181" priority="-1" numLanes="1" speed="13.89" allow="passenger">
        <param key="capacity" value="400.00"/>
    </edge>
    <edge id="-251" from="245" to="202" priority="-1" numLanes="1" speed="22.22" allow="passenger">
        <param key="capacity" value="1000.00"/>
    </edge>
    <edge id="-252" from="231" to="230" priority="-1" numLanes="3" speed="22.22" allow="passenger">
        <param key="capacity" value="2000.00"/>
    </edge>
    <edge id="-253" from="246" to="224" priority="-1" numLanes="1" speed="19.44" allow="passenger">
        <param key="capacity" value="800.00"/>
    </edge>
    <edge id="-254" from="224" to="186" priority="-1" numLanes="1" speed="19.44" allow="passenger">
        <param key="capacity" value="800.00"/>
    </edge>
    <edge id="-255" from="247" to="220" priority="-1" numLanes="1" speed="19.44" allow="passenger">
        <param key="capacity" value="800.00"/>
    </edge>
    <edge id="-256" from="246" to="220" priority="-1" numLanes="1" speed="19.44" allow="passenger">
        <param key="capacity" value="800.00"/>
    </edge>
    <edge id="-26" from="20" to="14" priority="-1" numLanes="1" speed="13.89" allow="passenger">
        <param key="capacity" value="400.00"/>
    </edge>
    <edge id="-260" from="249" to="206" priority="-1" numLanes="1" speed="13.89" allow="passenger">
        <param key="capacity" value="400.00"/>
    </edge>
    <edge id="-261" from="250" to="206" priority="-1" numLanes="1" speed="13.89" allow="passenger">
        <param key="capacity" value="400.00"/>
    </edge>
    <edge id="-262" from="180" to="48" priority="-1" numLanes="1" speed="13.89" allow="passenger">
        <param key="capacity" value="400.00"/>
    </edge>
    <edge id="-263" from="252" to="48" priority="-1" numLanes="1" speed="13.89" allow="passenger">
        <param key="capacity" value="400.00"/>
    </edge>
    <edge id="-264" from="252" to="115" priority="-1" numLanes="1" speed="13.89" allow="passenger">
        <param key="capacity" value="400.00"/>
    </edge>
    <edge id="-265" from="241" to="115" priority="-1" numLanes="1" speed="13.89" allow="passenger">
        <param key="capacity" value="400.00"/>
    </edge>
    <edge id="-266" from="241" to="117" priority="-1" numLanes="1" speed="13.89" allow="passenger">
        <param key="capacity" value="400.00"/>
    </edge>
    <edge id="-267" from="252" to="251" priority="-1" numLanes="1" speed="13.89" allow="passenger">
        <param key="capacity" value="400.00"/>
    </edge>
    <edge id="-269" from="253" to="232" priority="-1" numLanes="3" speed="22.22" allow="passenger">
        <param key="capacity" value="2000.00"/>
    </edge>
    <edge id="-27" from="21" to="14" priority="-1" numLanes="1" speed="13.89" allow="passenger">
        <param key="capacity" value="400.00"/>
    </edge>
    <edge id="-270" from="236" to="104" priority="-1" numLanes="1" speed="27.78" allow="passenger">
        <param key="capacity" value="1500.00"/>
    </edge>
    <edge id="-271" from="254" to="229" priority="-1" numLanes="3" speed="22.22" allow="passenger">
        <param key="capacity" value="2000.00"/>
    </edge>
    <edge id="-272" from="254" to="245" priority="-1" numLanes="2" speed="22.22" allow="passenger">
        <param key="capacity" value="2000.00"/>
    </edge>
    <edge id="-273" from="255" to="253" priority="-1" numLanes="3" speed="22.22" allow="passenger">
        <param key="capacity" value="2000.00"/>
    </edge>
    <edge id="-274" from="255" to="109" priority="-1" numLanes="2" speed="22.22" allow="passenger">
        <param key="capacity" value="2000.00"/>
    </edge>
    <edge id="-279" from="256" to="198" priority="-1" numLanes="2" speed="27.78" allow="passenger">
        <param key="capacity" value="3000.00"/>
    </edge>
    <edge id="-28" from="25" to="24" priority="-1" numLanes="1" speed="13.89" allow="passenger">
        <param key="capacity" value="400.00"/>
    </edge>
    <edge id="-281" from="258" to="120" priority="-1" numLanes="1" speed="22.22" allow="passenger">
        <param key="capacity" value="1000.00"/>
    </edge>
    <edge id="-282" from="176" to="120" priority="-1" numLanes="1" speed="22.22" allow="passenger">
        <param key="capacity" value="1000.00"/>
    </edge>
    <edge id="-283" from="177" to="176" priority="-1" numLanes="1" speed="22.22" allow="passenger">
        <param key="capacity" value="1000.00"/>
    </edge>
    <edge id="-284" from="177" to="116" priority="-1" numLanes="1" speed="22.22" allow="passenger">
        <param key="capacity" value="1000.00"/>
    </edge>
    <edge id="-285" from="116" to="7" priority="-1" numLanes="1" speed="22.22" allow="passenger">
        <param key="capacity" value="1000.00"/>
    </edge>
    <edge id="-286" from="8" to="7" priority="-1" numLanes="1" speed="22.22" allow="passenger">
        <param key="capacity" value="1000.00"/>
    </edge>
    <edge id="-287" from="251" to="8" priority="-1" numLanes="1" speed="22.22" allow="passenger">
        <param key="capacity" value="1000.00"/>
    </edge>
    <edge id="-288" from="251" to="180" priority="-1" numLanes="1" speed="22.22" allow="passenger">
        <param key="capacity" value="1000.00"/>
    </edge>
    <edge id="-289" from="258" to="10" priority="-1" numLanes="1" speed="22.22" allow="passenger">
        <param key="capacity" value="1000.00"/>
    </edge>
    <edge id="-29" from="27" to="26" priority="-1" numLanes="1" speed="13.89" allow="passenger">
        <param key="capacity" value="400.00"/>
    </edge>
    <edge id="-290" from="258" to="185" priority="-1" numLanes="1" speed="13.89" allow="passenger">
        <param key="capacity" value="400.00"/>
    </edge>
    <edge id="-291" from="259" to="10" priority="-1" numLanes="1" speed="19.44" allow="passenger">
        <param key="capacity" value="800.00"/>
    </edge>
    <edge id="-292" from="259" to="186" priority="-1" numLanes="1" speed="19.44" allow="passenger">
        <param key="capacity" value="800.00"/>
    </edge>
    <edge id="-294" from="15" to="14" priority="-1" numLanes="1" speed="13.89" allow="passenger">
        <param key="capacity" value="400.00"/>
    </edge>
    <edge id="-295" from="260" to="15" priority="-1" numLanes="1" speed="13.89" allow="passenger">
        <param key="capacity" value="400.00"/>
    </edge>
    <edge id="-296" from="261" to="260" priority="-1" numLanes="1" speed="13.89" allow="passenger">
        <param key="capacity" value="400.00"/>
    </edge>
    <edge id="-297" from="261" to="15" priority="-1" numLanes="1" speed="13.89" allow="passenger">
        <param key="capacity" value="400.00"/>
    </edge>
    <edge id="-298" from="17" to="16" priority="-1" numLanes="1" speed="8.33" allow="passenger">
        <param key="capacity" value="200.00"/>
    </edge>
    <edge id="-299" from="163" to="17" priority="-1" numLanes="1" speed="8.33" allow="passenger">
        <param key="capacity" value="200.00"/>
    </edge>
    <edge id="-3" from="210" to="146" priority="-1" numLanes="1" speed="13.89" allow="passenger">
        <param key="capacity" value="400.00"/>
    </edge>
    <edge id="-30" from="29" to="28" priority="-1" numLanes="1" speed="13.89" allow="passenger">
        <param key="capacity" value="400.00"/>
    </edge>
    <edge id="-300" from="163" to="158" priority="-1" numLanes="1" speed="8.33" allow="passenger">
        <param key="capacity" value="200.00"/>
    </edge>
    <edge id="-301" from="158" to="17" priority="-1" numLanes="1" speed="8.33" allow="passenger">
        <param key="capacity" value="200.00"/>
    </edge>
    <edge id="-302" from="25" to="22" priority="-1" numLanes="1" speed="13.89" allow="passenger">
        <param key="capacity" value="400.00"/>
    </edge>
    <edge id="-303" from="25" to="23" priority="-1" numLanes="1" speed="13.89" allow="passenger">
        <param key="capacity" value="400.00"/>
    </edge>
    <edge id="-304" from="262" to="23" priority="-1" numLanes="1" speed="13.89" allow="passenger">
        <param key="capacity" value="400.00"/>
    </edge>
    <edge id="-305" from="263" to="262" priority="-1" numLanes="1" speed="13.89" allow="passenger">
        <param key="capacity" value="400.00"/>
    </edge>
    <edge id="-306" from="263" to="23" priority="-1" numLanes="1" speed="13.89" allow="passenger">
        <param key="capacity" value="400.00"/>
    </edge>
    <edge id="-307" from="91" to="90" priority="-1" numLanes="1" speed="13.89" allow="passenger">
        <param key="capacity" value="400.00"/>
    </edge>
    <edge id="-308" from="264" to="91" priority="-1" numLanes="1" speed="13.89" allow="passenger">
        <param key="capacity" value="400.00"/>
    </edge>
    <edge id="-309" from="265" to="264" priority="-1" numLanes="1" speed="13.89" allow="passenger">
        <param key="capacity" value="400.00"/>
    </edge>
    <edge id="-31" from="233" to="30" priority="-1" numLanes="1" speed="13.89" allow="passenger">
        <param key="capacity" value="400.00"/>
    </edge>
    <edge id="-310" from="265" to="91" priority="-1" numLanes="1" speed="13.89" allow="passenger">
        <param key="capacity" value="400.00"/>
    </edge>
    <edge id="-312" from="96" to="93" priority="-1" numLanes="1" speed="22.22" allow="passenger">
        <param key="capacity" value="1000.00"/>
    </edge>
    <edge id="-314" from="99" to="97" priority="-1" numLanes="1" speed="22.22" allow="passenger">
        <param key="capacity" value="1000.00"/>
    </edge>
    <edge id="-316" from="101" to="68" priority="-1" numLanes="1" speed="22.22" allow="passenger">
        <param key="capacity" value="1000.00"/>
    </edge>
    <edge id="-318" from="94" to="92" priority="-1" numLanes="1" speed="22.22" allow="passenger">
        <param key="capacity" value="1000.00"/>
    </edge>
    <edge id="-319" from="155" to="151" priority="-1" numLanes="1" speed="13.89" allow="passenger">
        <param key="capacity" value="400.00"/>
    </edge>
    <edge id="-32" from="233" to="31" priority="-1" numLanes="1" speed="13.89" allow="passenger">
        <param key="capacity" value="400.00"/>
    </edge>
    <edge id="-320" from="151" to="141" priority="-1" numLanes="1" speed="13.89" allow="passenger">
        <param key="capacity" value="400.00"/>
    </edge>
    <edge id="-321" from="144" to="141" priority="-1" numLanes="1" speed="13.89" allow="passenger">
        <param key="capacity" value="400.00"/>
    </edge>
    <edge id="-322" from="156" to="144" priority="-1" numLanes="1" speed="13.89" allow="passenger">
        <param key="capacity" value="400.00"/>
    </edge>
    <edge id="-323" from="266" to="156" priority="-1" numLanes="1" speed="13.89" allow="passenger">
        <param key="capacity" value="400.00"/>
    </edge>
    <edge id="-324" from="267" to="266" priority="-1" numLanes="1" speed="13.89" allow="passenger">
        <param key="capacity" value="400.00"/>
    </edge>
    <edge id="-325" from="267" to="156" priority="-1" numLanes="1" speed="13.89" allow="passenger">
        <param key="capacity" value="400.00"/>
    </edge>
    <edge id="-326" from="268" to="41" priority="-1" numLanes="1" speed="13.89" allow="passenger">
        <param key="capacity" value="400.00"/>
    </edge>
    <edge id="-327" from="268" to="4" priority="-1" numLanes="1" speed="13.89" allow="passenger">
        <param key="capacity" value="400.00"/>
    </edge>
    <edge id="-33" from="33" to="32" priority="-1" numLanes="1" speed="13.89" allow="passenger">
        <param key="capacity" value="400.00"/>
    </edge>
    <edge id="-34" from="35" to="34" priority="-1" numLanes="1" speed="13.89" allow="passenger">
        <param key="capacity" value="400.00"/>
    </edge>
    <edge id="-35" from="36" to="34" priority="-1" numLanes="1" speed="13.89" allow="passenger">
        <param key="capacity" value="400.00"/>
    </edge>
    <edge id="-36" from="38" to="37" priority="-1" numLanes="1" speed="13.89" allow="passenger">
        <param key="capacity" value="400.00"/>
    </edge>
    <edge id="-37" from="40" to="39" priority="-1" numLanes="1" speed="13.89" allow="passenger">
        <param key="capacity" value="400.00"/>
    </edge>
    <edge id="-38" from="42" to="41" priority="-1" numLanes="1" speed="13.89" allow="passenger">
        <param key="capacity" value="400.00"/>
    </edge>
    <edge id="-39" from="197" to="43" priority="-1" numLanes="1" speed="13.89" allow="passenger">
        <param key="capacity" value="400.00"/>
    </edge>
    <edge id="-4" from="146" to="122" priority="-1" numLanes="1" speed="13.89" allow="passenger">
        <param key="capacity" value="400.00"/>
    </edge>
    <edge id="-40" from="197" to="195" priority="-1" numLanes="1" speed="13.89" allow="passenger">
        <param key="capacity" value="400.00"/>
    </edge>
    <edge id="-41" from="195" to="44" priority="-1" numLanes="1" speed="13.89" allow="passenger">
        <param key="capacity" value="400.00"/>
    </edge>
    <edge id="-42" from="46" to="45" priority="-1" numLanes="1" speed="13.89" allow="passenger">
        <param key="capacity" value="400.00"/>
    </edge>
    <edge id="-43" from="47" to="46" priority="-1" numLanes="1" speed="13.89" allow="passenger">
        <param key="capacity" value="400.00"/>
    </edge>
    <edge id="-44" from="48" to="43" priority="-1" numLanes="1" speed="13.89" allow="passenger">
        <param key="capacity" value="400.00"/>
    </edge>
    <edge id="-45" from="194" to="43" priority="-1" numLanes="1" speed="13.89" allow="passenger">
        <param key="capacity" value="400.00"/>
    </edge>
    <edge id="-46" from="194" to="45" priority="-1" numLanes="1" speed="13.89" allow="passenger">
        <param key="capacity" value="400.00"/>
    </edge>
    <edge id="-47" from="50" to="49" priority="-1" numLanes="1" speed="13.89" allow="passenger">
        <param key="capacity" value="400.00"/>
    </edge>
    <edge id="-48" from="52" to="51" priority="-1" numLanes="1" speed="13.89" allow="passenger">
        <param key="capacity" value="400.00"/>
    </edge>
    <edge id="-49" from="54" to="53" priority="-1" numLanes="1" speed="8.33" allow="passenger">
        <param key="capacity" value="200.00"/>
    </edge>
    <edge id="-5" from="122" to="90" priority="-1" numLanes="1" speed="13.89" allow="passenger">
        <param key="capacity" value="400.00"/>
    </edge>
    <edge id="-50" from="56" to="55" priority="-1" numLanes="1" speed="13.89" allow="passenger">
        <param key="capacity" value="400.00"/>
    </edge>
    <edge id="-51" from="58" to="57" priority="-1" numLanes="1" speed="19.44" allow="passenger">
        <param key="capacity" value="800.00"/>
    </edge>
    <edge id="-53" from="62" to="61" priority="-1" numLanes="1" speed="22.22" allow="passenger">
        <param key="capacity" value="1000.00"/>
    </edge>
    <edge id="-54" from="63" to="61" priority="-1" numLanes="1" speed="22.22" allow="passenger">
        <param key="capacity" value="1000.00"/>
    </edge>
    <edge id="-55" from="65" to="64" priority="-1" numLanes="1" speed="13.89" allow="passenger">
        <param key="capacity" value="400.00"/>
    </edge>
    <edge id="-56" from="67" to="66" priority="-1" numLanes="1" speed="13.89" allow="passenger">
        <param key="capacity" value="400.00"/>
    </edge>
    <edge id="-58" from="71" to="70" priority="-1" numLanes="1" speed="8.33" allow="passenger">
        <param key="capacity" value="200.00"/>
    </edge>
    <edge id="-59" from="73" to="72" priority="-1" numLanes="1" speed="8.33" allow="passenger">
        <param key="capacity" value="200.00"/>
    </edge>
    <edge id="-6" from="90" to="2" priority="-1" numLanes="1" speed="13.89" allow="passenger">
        <param key="capacity" value="400.00"/>
    </edge>
    <edge id="-60" from="75" to="74" priority="-1" numLanes="1" speed="8.33" allow="passenger">
        <param key="capacity" value="200.00"/>
    </edge>
    <edge id="-63" from="81" to="80" priority="-1" numLanes="1" speed="8.33" allow="passenger">
        <param key="capacity" value="200.00"/>
    </edge>
    <edge id="-64" from="83" to="82" priority="-1" numLanes="1" speed="8.33" allow="passenger">
        <param key="capacity" value="200.00"/>
    </edge>
    <edge id="-65" from="85" to="84" priority="-1" numLanes="1" speed="8.33" allow="passenger">
        <param key="capacity" value="200.00"/>
    </edge>
    <edge id="-66" from="87" to="86" priority="-1" numLanes="1" speed="13.89" allow="passenger">
        <param key="capacity" value="400.00"/>
    </edge>
    <edge id="-67" from="89" to="88" priority="-1" numLanes="1" speed="8.33" allow="passenger">
        <param key="capacity" value="200.00"/>
    </edge>
    <edge id="-68" from="93" to="2" priority="-1" numLanes="1" speed="13.89" allow="passenger">
        <param key="capacity" value="400.00"/>
    </edge>
    <edge id="-7" from="6" to="3" priority="-1" numLanes="1" speed="13.89" allow="passenger">
        <param key="capacity" value="400.00"/>
    </edge>
    <edge id="-73" from="100" to="95" priority="-1" numLanes="1" speed="22.22" allow="passenger">
        <param key="capacity" value="1000.00"/>
    </edge>
    <edge id="-75" from="102" to="11" priority="-1" numLanes="1" speed="22.22" allow="passenger">
        <param key="capacity" value="1000.00"/>
    </edge>
    <edge id="-76" from="103" to="69" priority="-1" numLanes="1" speed="13.89" allow="passenger">
        <param key="capacity" value="400.00"/>
    </edge>
    <edge id="-77" from="103" to="89" priority="-1" numLanes="1" speed="13.89" allow="passenger">
        <param key="capacity" value="400.00"/>
    </edge>
    <edge id="-78" from="89" to="75" priority="-1" numLanes="1" speed="13.89" allow="passenger">
        <param key="capacity" value="400.00"/>
    </edge>
    <edge id="-79" from="75" to="71" priority="-1" numLanes="1" speed="13.89" allow="passenger">
        <param key="capacity" value="400.00"/>
    </edge>
    <edge id="-8" from="225" to="6" priority="-1" numLanes="1" speed="13.89" allow="passenger">
        <param key="capacity" value="400.00"/>
    </edge>
    <edge id="-80" from="73" to="71" priority="-1" numLanes="1" speed="13.89" allow="passenger">
        <param key="capacity" value="400.00"/>
    </edge>
    <edge id="-81" from="76" to="73" priority="-1" numLanes="1" speed="13.89" allow="passenger">
        <param key="capacity" value="400.00"/>
    </edge>
    <edge id="-82" from="79" to="76" priority="-1" numLanes="1" speed="13.89" allow="passenger">
        <param key="capacity" value="400.00"/>
    </edge>
    <edge id="-83" from="81" to="79" priority="-1" numLanes="1" speed="13.89" allow="passenger">
        <param key="capacity" value="400.00"/>
    </edge>
    <edge id="-84" from="83" to="81" priority="-1" numLanes="1" speed="13.89" allow="passenger">
        <param key="capacity" value="400.00"/>
    </edge>
    <edge id="-85" from="86" to="83" priority="-1" numLanes="1" speed="13.89" allow="passenger">
        <param key="capacity" value="400.00"/>
    </edge>
    <edge id="-86" from="86" to="84" priority="-1" numLanes="1" speed="13.89" allow="passenger">
        <param key="capacity" value="400.00"/>
    </edge>
    <edge id="-87" from="84" to="67" priority="-1" numLanes="1" speed="13.89" allow="passenger">
        <param key="capacity" value="400.00"/>
    </edge>
    <edge id="-88" from="82" to="67" priority="-1" numLanes="1" speed="13.89" allow="passenger">
        <param key="capacity" value="400.00"/>
    </edge>
    <edge id="-89" from="82" to="80" priority="-1" numLanes="1" speed="13.89" allow="passenger">
        <param key="capacity" value="400.00"/>
    </edge>
    <edge id="-9" from="225" to="4" priority="-1" numLanes="1" speed="13.89" allow="passenger">
        <param key="capacity" value="400.00"/>
    </edge>
    <edge id="-90" from="80" to="78" priority="-1" numLanes="1" speed="13.89" allow="passenger">
        <param key="capacity" value="400.00"/>
    </edge>
    <edge id="-91" from="78" to="77" priority="-1" numLanes="1" speed="13.89" allow="passenger">
        <param key="capacity" value="400.00"/>
    </edge>
    <edge id="-92" from="77" to="72" priority="-1" numLanes="1" speed="13.89" allow="passenger">
        <param key="capacity" value="400.00"/>
    </edge>
    <edge id="-93" from="72" to="70" priority="-1" numLanes="1" speed="13.89" allow="passenger">
        <param key="capacity" value="400.00"/>
    </edge>
    <edge id="-94" from="74" to="70" priority="-1" numLanes="1" speed="13.89" allow="passenger">
        <param key="capacity" value="400.00"/>
    </edge>
    <edge id="-95" from="88" to="74" priority="-1" numLanes="1" speed="13.89" allow="passenger">
        <param key="capacity" value="400.00"/>
    </edge>
    <edge id="-96" from="88" to="65" priority="-1" numLanes="1" speed="13.89" allow="passenger">
        <param key="capacity" value="400.00"/>
    </edge>
    <edge id="-97" from="103" to="65" priority="-1" numLanes="1" speed="13.89" allow="passenger">
        <param key="capacity" value="400.00"/>
    </edge>
    <edge id="1" from="1" to="219" priority="-1" numLanes="1" speed="13.89" allow="passenger">
        <param key="capacity" value="400.00"/>
    </edge>
    <edge id="10" from="5" to="6" priority="-1" numLanes="1" speed="13.89" allow="passenger">
        <param key="capacity" value="400.00"/>
    </edge>
    <edge id="101" from="109" to="110" priority="-1" numLanes="1" speed="22.22" allow="passenger">
        <param key="capacity" value="1000.00"/>
    </edge>
    <edge id="102" from="111" to="112" priority="-1" numLanes="1" speed="13.89" allow="passenger">
        <param key="capacity" value="400.00"/>
    </edge>
    <edge id="103" from="113" to="114" priority="-1" numLanes="1" speed="13.89" allow="passenger">
        <param key="capacity" value="400.00"/>
    </edge>
    <edge id="104" from="7" to="115" priority="-1" numLanes="1" speed="13.89" allow="passenger">
        <param key="capacity" value="400.00"/>
    </edge>
    <edge id="105" from="116" to="191" priority="-1" numLanes="1" speed="13.89" allow="passenger">
        <param key="capacity" value="400.00"/>
    </edge>
    <edge id="106" from="191" to="240" priority="-1" numLanes="1" speed="13.89" allow="passenger">
        <param key="capacity" value="400.00"/>
    </edge>
    <edge id="107" from="117" to="240" priority="-1" numLanes="1" speed="13.89" allow="passenger">
        <param key="capacity" value="400.00"/>
    </edge>
    <edge id="108" from="118" to="119" priority="-1" numLanes="1" speed="13.89" allow="passenger">
        <param key="capacity" value="400.00"/>
    </edge>
    <edge id="109" from="120" to="121" priority="-1" numLanes="1" speed="13.89" allow="passenger">
        <param key="capacity" value="400.00"/>
    </edge>
    <edge id="11" from="6" to="7" priority="-1" numLanes="1" speed="13.89" allow="passenger">
        <param key="capacity" value="400.00"/>
    </edge>
    <edge id="110" from="122" to="153" priority="-1" numLanes="1" speed="13.89" allow="passenger">
        <param key="capacity" value="400.00"/>
    </edge>
    <edge id="111" from="131" to="153" priority="-1" numLanes="1" speed="13.89" allow="passenger">
        <param key="capacity" value="400.00"/>
    </edge>
    <edge id="112" from="129" to="131" priority="-1" numLanes="1" speed="13.89" allow="passenger">
        <param key="capacity" value="400.00"/>
    </edge>
    <edge id="113" from="129" to="133" priority="-1" numLanes="1" speed="13.89" allow="passenger">
        <param key="capacity" value="400.00"/>
    </edge>
    <edge id="114" from="133" to="215" priority="-1" numLanes="1" speed="13.89" allow="passenger">
        <param key="capacity" value="400.00"/>
    </edge>
    <edge id="115" from="26" to="215" priority="-1" numLanes="1" speed="13.89" allow="passenger">
        <param key="capacity" value="400.00"/>
    </edge>
    <edge id="116" from="26" to="123" priority="-1" numLanes="1" speed="13.89" allow="passenger">
        <param key="capacity" value="400.00"/>
    </edge>
    <edge id="117" from="124" to="125" priority="-1" numLanes="1" speed="13.89" allow="passenger">
        <param key="capacity" value="400.00"/>
    </edge>
    <edge id="118" from="126" to="165" priority="-1" numLanes="1" speed="13.89" allow="passenger">
        <param key="capacity" value="400.00"/>
    </edge>
    <edge id="119" from="64" to="165" priority="-1" numLanes="1" speed="13.89" allow="passenger">
        <param key="capacity" value="400.00"/>
    </edge>
    <edge id="12" from="3" to="53" priority="-1" numLanes="1" speed="13.89" allow="passenger">
        <param key="capacity" value="400.00"/>
    </edge>
    <edge id="120" from="20" to="64" priority="-1" numLanes="1" speed="13.89" allow="passenger">
        <param key="capacity" value="400.00"/>
    </edge>
    <edge id="121" from="127" to="128" priority="-1" numLanes="1" speed="13.89" allow="passenger">
        <param key="capacity" value="400.00"/>
    </edge>
    <edge id="122" from="129" to="130" priority="-1" numLanes="1" speed="13.89" allow="passenger">
        <param key="capacity" value="400.00"/>
    </edge>
    <edge id="123" from="131" to="132" priority="-1" numLanes="1" speed="13.89" allow="passenger">
        <param key="capacity" value="400.00"/>
    </edge>
    <edge id="124" from="133" to="134" priority="-1" numLanes="1" speed="13.89" allow="passenger">
        <param key="capacity" value="400.00"/>
    </edge>
    <edge id="125" from="135" to="136" priority="-1" numLanes="1" speed="13.89" allow="passenger">
        <param key="capacity" value="400.00"/>
    </edge>
    <edge id="126" from="137" to="138" priority="-1" numLanes="1" speed="13.89" allow="passenger">
        <param key="capacity" value="400.00"/>
    </edge>
    <edge id="127" from="113" to="139" priority="-1" numLanes="1" speed="13.89" allow="passenger">
        <param key="capacity" value="400.00"/>
    </edge>
    <edge id="128" from="140" to="141" priority="-1" numLanes="1" speed="13.89" allow="passenger">
        <param key="capacity" value="400.00"/>
    </edge>
    <edge id="129" from="142" to="243" priority="-1" numLanes="1" speed="13.89" allow="passenger">
        <param key="capacity" value="400.00"/>
    </edge>
    <edge id="13" from="8" to="53" priority="-1" numLanes="1" speed="13.89" allow="passenger">
        <param key="capacity" value="400.00"/>
    </edge>
    <edge id="131" from="13" to="18" priority="-1" numLanes="1" speed="13.89" allow="passenger">
        <param key="capacity" value="400.00"/>
    </edge>
    <edge id="132" from="18" to="142" priority="-1" numLanes="1" speed="13.89" allow="passenger">
        <param key="capacity" value="400.00"/>
    </edge>
    <edge id="133" from="131" to="143" priority="-1" numLanes="1" speed="13.89" allow="passenger">
        <param key="capacity" value="400.00"/>
    </edge>
    <edge id="134" from="144" to="145" priority="-1" numLanes="1" speed="13.89" allow="passenger">
        <param key="capacity" value="400.00"/>
    </edge>
    <edge id="135" from="146" to="147" priority="-1" numLanes="1" speed="13.89" allow="passenger">
        <param key="capacity" value="400.00"/>
    </edge>
    <edge id="136" from="142" to="169" priority="-1" numLanes="1" speed="13.89" allow="passenger">
        <param key="capacity" value="400.00"/>
    </edge>
    <edge id="137" from="22" to="169" priority="-1" numLanes="1" speed="13.89" allow="passenger">
        <param key="capacity" value="400.00"/>
    </edge>
    <edge id="138" from="22" to="170" priority="-1" numLanes="1" speed="13.89" allow="passenger">
        <param key="capacity" value="400.00"/>
    </edge>
    <edge id="139" from="148" to="170" priority="-1" numLanes="1" speed="13.89" allow="passenger">
        <param key="capacity" value="400.00"/>
    </edge>
    <edge id="14" from="9" to="242" priority="-1" numLanes="1" speed="22.22" allow="passenger">
        <param key="capacity" value="1000.00"/>
    </edge>
    <edge id="140" from="149" to="150" priority="-1" numLanes="1" speed="13.89" allow="passenger">
        <param key="capacity" value="400.00"/>
    </edge>
    <edge id="141" from="151" to="152" priority="-1" numLanes="1" speed="13.89" allow="passenger">
        <param key="capacity" value="400.00"/>
    </edge>
    <edge id="142" from="153" to="154" priority="-1" numLanes="1" speed="13.89" allow="passenger">
        <param key="capacity" value="400.00"/>
    </edge>
    <edge id="143" from="152" to="157" priority="-1" numLanes="1" speed="13.89" allow="passenger">
        <param key="capacity" value="400.00"/>
    </edge>
    <edge id="144" from="158" to="159" priority="-1" numLanes="1" speed="8.33" allow="passenger">
        <param key="capacity" value="200.00"/>
    </edge>
    <edge id="145" from="140" to="160" priority="-1" numLanes="1" speed="13.89" allow="passenger">
        <param key="capacity" value="400.00"/>
    </edge>
    <edge id="146" from="161" to="162" priority="-1" numLanes="1" speed="13.89" allow="passenger">
        <param key="capacity" value="400.00"/>
    </edge>
    <edge id="147" from="163" to="164" priority="-1" numLanes="1" speed="8.33" allow="passenger">
        <param key="capacity" value="200.00"/>
    </edge>
    <edge id="148" from="149" to="165" priority="-1" numLanes="1" speed="13.89" allow="passenger">
        <param key="capacity" value="400.00"/>
    </edge>
    <edge id="149" from="149" to="157" priority="-1" numLanes="1" speed="13.89" allow="passenger">
        <param key="capacity" value="400.00"/>
    </edge>
    <edge id="15" from="19" to="242" priority="-1" numLanes="1" speed="22.22" allow="passenger">
        <param key="capacity" value="1000.00"/>
    </edge>
    <edge id="150" from="157" to="167" priority="-1" numLanes="1" speed="13.89" allow="passenger">
        <param key="capacity" value="400.00"/>
    </edge>
    <edge id="151" from="166" to="167" priority="-1" numLanes="1" speed="13.89" allow="passenger">
        <param key="capacity" value="400.00"/>
    </edge>
    <edge id="152" from="167" to="168" priority="-1" numLanes="1" speed="13.89" allow="passenger">
        <param key="capacity" value="400.00"/>
    </edge>
    <edge id="153" from="169" to="170" priority="-1" numLanes="1" speed="13.89" allow="passenger">
        <param key="capacity" value="400.00"/>
    </edge>
    <edge id="154" from="171" to="172" priority="-1" numLanes="1" speed="13.89" allow="passenger">
        <param key="capacity" value="400.00"/>
    </edge>
    <edge id="155" from="9" to="173" priority="-1" numLanes="1" speed="22.22" allow="passenger">
        <param key="capacity" value="1000.00"/>
    </edge>
    <edge id="156" from="174" to="175" priority="-1" numLanes="1" speed="8.33" allow="passenger">
        <param key="capacity" value="200.00"/>
    </edge>
    <edge id="157" from="175" to="176" priority="-1" numLanes="1" speed="8.33" allow="passenger">
        <param key="capacity" value="200.00"/>
    </edge>
    <edge id="158" from="174" to="177" priority="-1" numLanes="1" speed="13.89" allow="passenger">
        <param key="capacity" value="400.00"/>
    </edge>
    <edge id="159" from="41" to="174" priority="-1" numLanes="1" speed="13.89" allow="passenger">
        <param key="capacity" value="400.00"/>
    </edge>
    <edge id="16" from="10" to="19" priority="-1" numLanes="1" speed="22.22" allow="passenger">
        <param key="capacity" value="1000.00"/>
    </edge>
    <edge id="160" from="4" to="41" priority="-1" numLanes="1" speed="13.89" allow="passenger">
        <param key="capacity" value="400.00"/>
    </edge>
    <edge id="161" from="4" to="178" priority="-1" numLanes="1" speed="13.89" allow="passenger">
        <param key="capacity" value="400.00"/>
    </edge>
    <edge id="162" from="117" to="179" priority="-1" numLanes="1" speed="13.89" allow="passenger">
        <param key="capacity" value="400.00"/>
    </edge>
    <edge id="163" from="49" to="180" priority="-1" numLanes="1" speed="22.22" allow="passenger">
        <param key="capacity" value="1000.00"/>
    </edge>
    <edge id="164" from="55" to="181" priority="-1" numLanes="1" speed="13.89" allow="passenger">
        <param key="capacity" value="400.00"/>
    </edge>
    <edge id="165" from="49" to="193" priority="-1" numLanes="1" speed="22.22" allow="passenger">
        <param key="capacity" value="1000.00"/>
    </edge>
    <edge id="166" from="193" to="223" priority="-1" numLanes="1" speed="22.22" allow="passenger">
        <param key="capacity" value="1000.00"/>
    </edge>
    <edge id="167" from="63" to="223" priority="-1" numLanes="1" speed="22.22" allow="passenger">
        <param key="capacity" value="1000.00"/>
    </edge>
    <edge id="168" from="50" to="56" priority="-1" numLanes="1" speed="13.89" allow="passenger">
        <param key="capacity" value="400.00"/>
    </edge>
    <edge id="17" from="11" to="12" priority="-1" numLanes="1" speed="22.22" allow="passenger">
        <param key="capacity" value="1000.00"/>
    </edge>
    <edge id="170" from="183" to="184" priority="-1" numLanes="3" speed="27.78" allow="passenger">
        <param key="capacity" value="4500.00"/>
    </edge>
    <edge id="171" from="185" to="186" priority="-1" numLanes="1" speed="13.89" allow="passenger">
        <param key="capacity" value="400.00"/>
    </edge>
    <edge id="172" from="187" to="188" priority="-1" numLanes="1" speed="13.89" allow="passenger">
        <param key="capacity" value="400.00"/>
    </edge>
    <edge id="174" from="191" to="192" priority="-1" numLanes="1" speed="13.89" allow="passenger">
        <param key="capacity" value="400.00"/>
    </edge>
    <edge id="175" from="50" to="237" priority="-1" numLanes="1" speed="13.89" allow="passenger">
        <param key="capacity" value="400.00"/>
    </edge>
    <edge id="176" from="193" to="237" priority="-1" numLanes="1" speed="13.89" allow="passenger">
        <param key="capacity" value="400.00"/>
    </edge>
    <edge id="177" from="194" to="196" priority="-1" numLanes="1" speed="13.89" allow="passenger">
        <param key="capacity" value="400.00"/>
    </edge>
    <edge id="178" from="195" to="196" priority="-1" numLanes="1" speed="13.89" allow="passenger">
        <param key="capacity" value="400.00"/>
    </edge>
    <edge id="179" from="196" to="197" priority="-1" numLanes="1" speed="13.89" allow="passenger">
        <param key="capacity" value="400.00"/>
    </edge>
    <edge id="18" from="1" to="21" priority="-1" numLanes="1" speed="13.89" allow="passenger">
        <param key="capacity" value="400.00"/>
    </edge>
    <edge id="180" from="1" to="98" priority="-1" numLanes="1" speed="22.22" allow="passenger">
        <param key="capacity" value="1000.00"/>
    </edge>
    <edge id="181" from="1" to="10" priority="-1" numLanes="1" speed="22.22" allow="passenger">
        <param key="capacity" value="1000.00"/>
    </edge>
    <edge id="185" from="12" to="203" priority="-1" numLanes="1" speed="22.22" allow="passenger">
        <param key="capacity" value="1100.00"/>
    </edge>
    <edge id="188" from="202" to="203" priority="-1" numLanes="1" speed="22.22" allow="passenger">
        <param key="capacity" value="1100.00"/>
    </edge>
    <edge id="19" from="16" to="21" priority="-1" numLanes="1" speed="13.89" allow="passenger">
        <param key="capacity" value="400.00"/>
    </edge>
    <edge id="190" from="173" to="205" priority="-1" numLanes="1" speed="22.22" allow="passenger">
        <param key="capacity" value="1000.00"/>
    </edge>
    <edge id="191" from="201" to="202" priority="-1" numLanes="1" speed="22.22" allow="passenger">
        <param key="capacity" value="1000.00"/>
    </edge>
    <edge id="192" from="206" to="207" priority="-1" numLanes="1" speed="13.89" allow="passenger">
        <param key="capacity" value="400.00"/>
    </edge>
    <edge id="193" from="5" to="226" priority="-1" numLanes="1" speed="13.89" allow="passenger">
        <param key="capacity" value="400.00"/>
    </edge>
    <edge id="194" from="178" to="226" priority="-1" numLanes="1" speed="13.89" allow="passenger">
        <param key="capacity" value="400.00"/>
    </edge>
    <edge id="195" from="178" to="249" priority="-1" numLanes="1" speed="13.89" allow="passenger">
        <param key="capacity" value="400.00"/>
    </edge>
    <edge id="196" from="249" to="250" priority="-1" numLanes="1" speed="13.89" allow="passenger">
        <param key="capacity" value="400.00"/>
    </edge>
    <edge id="197" from="124" to="250" priority="-1" numLanes="1" speed="13.89" allow="passenger">
        <param key="capacity" value="400.00"/>
    </edge>
    <edge id="198" from="111" to="124" priority="-1" numLanes="1" speed="13.89" allow="passenger">
        <param key="capacity" value="400.00"/>
    </edge>
    <edge id="199" from="111" to="187" priority="-1" numLanes="1" speed="13.89" allow="passenger">
        <param key="capacity" value="400.00"/>
    </edge>
    <edge id="2" from="210" to="219" priority="-1" numLanes="1" speed="13.89" allow="passenger">
        <param key="capacity" value="400.00"/>
    </edge>
    <edge id="20" from="16" to="212" priority="-1" numLanes="1" speed="13.89" allow="passenger">
        <param key="capacity" value="400.00"/>
    </edge>
    <edge id="200" from="185" to="187" priority="-1" numLanes="1" speed="13.89" allow="passenger">
        <param key="capacity" value="400.00"/>
    </edge>
    <edge id="201" from="32" to="208" priority="-1" numLanes="1" speed="13.89" allow="passenger">
        <param key="capacity" value="400.00"/>
    </edge>
    <edge id="202" from="32" to="123" priority="-1" numLanes="1" speed="13.89" allow="passenger">
        <param key="capacity" value="400.00"/>
    </edge>
    <edge id="203" from="123" to="209" priority="-1" numLanes="1" speed="13.89" allow="passenger">
        <param key="capacity" value="400.00"/>
    </edge>
    <edge id="204" from="143" to="210" priority="-1" numLanes="1" speed="13.89" allow="passenger">
        <param key="capacity" value="400.00"/>
    </edge>
    <edge id="205" from="143" to="211" priority="-1" numLanes="1" speed="13.89" allow="passenger">
        <param key="capacity" value="400.00"/>
    </edge>
    <edge id="206" from="212" to="213" priority="-1" numLanes="1" speed="13.89" allow="passenger">
        <param key="capacity" value="400.00"/>
    </edge>
    <edge id="207" from="113" to="138" priority="-1" numLanes="1" speed="13.89" allow="passenger">
        <param key="capacity" value="400.00"/>
    </edge>
    <edge id="208" from="214" to="215" priority="-1" numLanes="1" speed="13.89" allow="passenger">
        <param key="capacity" value="400.00"/>
    </edge>
    <edge id="209" from="216" to="217" priority="-1" numLanes="1" speed="13.89" allow="passenger">
        <param key="capacity" value="400.00"/>
    </edge>
    <edge id="21" from="155" to="212" priority="-1" numLanes="1" speed="13.89" allow="passenger">
        <param key="capacity" value="400.00"/>
    </edge>
    <edge id="210" from="133" to="216" priority="-1" numLanes="1" speed="13.89" allow="passenger">
        <param key="capacity" value="400.00"/>
    </edge>
    <edge id="211" from="216" to="218" priority="-1" numLanes="1" speed="13.89" allow="passenger">
        <param key="capacity" value="400.00"/>
    </edge>
    <edge id="212" from="28" to="215" priority="-1" numLanes="1" speed="13.89" allow="passenger">
        <param key="capacity" value="400.00"/>
    </edge>
    <edge id="213" from="28" to="218" priority="-1" numLanes="1" speed="13.89" allow="passenger">
        <param key="capacity" value="400.00"/>
    </edge>
    <edge id="214" from="208" to="219" priority="-1" numLanes="1" speed="13.89" allow="passenger">
        <param key="capacity" value="400.00"/>
    </edge>
    <edge id="215" from="220" to="221" priority="-1" numLanes="1" speed="19.44" allow="passenger">
        <param key="capacity" value="800.00"/>
    </edge>
    <edge id="216" from="198" to="222" priority="-1" numLanes="1" speed="22.22" allow="passenger">
        <param key="capacity" value="1100.00"/>
    </edge>
    <edge id="217" from="57" to="223" priority="-1" numLanes="1" speed="19.44" allow="passenger">
        <param key="capacity" value="800.00"/>
    </edge>
    <edge id="218" from="57" to="224" priority="-1" numLanes="1" speed="19.44" allow="passenger">
        <param key="capacity" value="800.00"/>
    </edge>
    <edge id="219" from="42" to="116" priority="-1" numLanes="1" speed="13.89" allow="passenger">
        <param key="capacity" value="400.00"/>
    </edge>
    <edge id="22" from="140" to="155" priority="-1" numLanes="1" speed="13.89" allow="passenger">
        <param key="capacity" value="400.00"/>
    </edge>
    <edge id="220" from="42" to="225" priority="-1" numLanes="1" speed="13.89" allow="passenger">
        <param key="capacity" value="400.00"/>
    </edge>
    <edge id="221" from="225" to="226" priority="-1" numLanes="1" speed="13.89" allow="passenger">
        <param key="capacity" value="400.00"/>
    </edge>
    <edge id="222" from="177" to="192" priority="-1" numLanes="1" speed="13.89" allow="passenger">
        <param key="capacity" value="400.00"/>
    </edge>
    <edge id="223" from="121" to="192" priority="-1" numLanes="1" speed="13.89" allow="passenger">
        <param key="capacity" value="400.00"/>
    </edge>
    <edge id="224" from="118" to="121" priority="-1" numLanes="1" speed="13.89" allow="passenger">
        <param key="capacity" value="400.00"/>
    </edge>
    <edge id="225" from="118" to="137" priority="-1" numLanes="1" speed="13.89" allow="passenger">
        <param key="capacity" value="400.00"/>
    </edge>
    <edge id="226" from="135" to="137" priority="-1" numLanes="1" speed="13.89" allow="passenger">
        <param key="capacity" value="400.00"/>
    </edge>
    <edge id="227" from="39" to="135" priority="-1" numLanes="1" speed="13.89" allow="passenger">
        <param key="capacity" value="400.00"/>
    </edge>
    <edge id="228" from="39" to="139" priority="-1" numLanes="1" speed="13.89" allow="passenger">
        <param key="capacity" value="400.00"/>
    </edge>
    <edge id="229" from="34" to="139" priority="-1" numLanes="1" speed="13.89" allow="passenger">
        <param key="capacity" value="400.00"/>
    </edge>
    <edge id="23" from="140" to="161" priority="-1" numLanes="1" speed="13.89" allow="passenger">
        <param key="capacity" value="400.00"/>
    </edge>
    <edge id="230" from="34" to="37" priority="-1" numLanes="1" speed="13.89" allow="passenger">
        <param key="capacity" value="400.00"/>
    </edge>
    <edge id="231" from="37" to="171" priority="-1" numLanes="1" speed="13.89" allow="passenger">
        <param key="capacity" value="400.00"/>
    </edge>
    <edge id="232" from="51" to="171" priority="-1" numLanes="1" speed="13.89" allow="passenger">
        <param key="capacity" value="400.00"/>
    </edge>
    <edge id="233" from="51" to="227" priority="-1" numLanes="1" speed="13.89" allow="passenger">
        <param key="capacity" value="400.00"/>
    </edge>
    <edge id="234" from="104" to="228" priority="-1" numLanes="2" speed="27.78" allow="passenger">
        <param key="capacity" value="2600.00"/>
    </edge>
    <edge id="235" from="229" to="230" priority="-1" numLanes="4" speed="22.22" allow="passenger">
        <param key="capacity" value="2000.00"/>
    </edge>
    <edge id="236" from="231" to="232" priority="-1" numLanes="2" speed="22.22" allow="passenger">
        <param key="capacity" value="2000.00"/>
    </edge>
    <edge id="237" from="209" to="233" priority="-1" numLanes="1" speed="13.89" allow="passenger">
        <param key="capacity" value="400.00"/>
    </edge>
    <edge id="238" from="209" to="234" priority="-1" numLanes="1" speed="13.89" allow="passenger">
        <param key="capacity" value="400.00"/>
    </edge>
    <edge id="239" from="235" to="236" priority="-1" numLanes="2" speed="27.78" allow="passenger">
        <param key="capacity" value="3000.00"/>
    </edge>
    <edge id="24" from="13" to="161" priority="-1" numLanes="1" speed="13.89" allow="passenger">
        <param key="capacity" value="400.00"/>
    </edge>
    <edge id="240" from="237" to="238" priority="-1" numLanes="1" speed="13.89" allow="passenger">
        <param key="capacity" value="400.00"/>
    </edge>
    <edge id="241" from="12" to="201" priority="-1" numLanes="1" speed="22.22" allow="passenger">
        <param key="capacity" value="1000.00"/>
    </edge>
    <edge id="242" from="100" to="239" priority="-1" numLanes="1" speed="22.22" allow="passenger">
        <param key="capacity" value="1000.00"/>
    </edge>
    <edge id="243" from="102" to="239" priority="-1" numLanes="1" speed="22.22" allow="passenger">
        <param key="capacity" value="1000.00"/>
    </edge>
    <edge id="244" from="240" to="241" priority="-1" numLanes="1" speed="13.89" allow="passenger">
        <param key="capacity" value="400.00"/>
    </edge>
    <edge id="245" from="148" to="242" priority="-1" numLanes="1" speed="13.89" allow="passenger">
        <param key="capacity" value="400.00"/>
    </edge>
    <edge id="246" from="127" to="148" priority="-1" numLanes="1" speed="13.89" allow="passenger">
        <param key="capacity" value="400.00"/>
    </edge>
    <edge id="247" from="66" to="127" priority="-1" numLanes="1" speed="13.89" allow="passenger">
        <param key="capacity" value="400.00"/>
    </edge>
    <edge id="248" from="66" to="126" priority="-1" numLanes="1" speed="13.89" allow="passenger">
        <param key="capacity" value="400.00"/>
    </edge>
    <edge id="249" from="126" to="243" priority="-1" numLanes="1" speed="13.89" allow="passenger">
        <param key="capacity" value="400.00"/>
    </edge>
    <edge id="25" from="18" to="19" priority="-1" numLanes="1" speed="13.89" allow="passenger">
        <param key="capacity" value="400.00"/>
    </edge>
    <edge id="250" from="181" to="244" priority="-1" numLanes="1" speed="13.89" allow="passenger">
        <param key="capacity" value="400.00"/>
    </edge>
    <edge id="251" from="202" to="245" priority="-1" numLanes="1" speed="22.22" allow="passenger">
        <param key="capacity" value="1000.00"/>
    </edge>
    <edge id="252" from="230" to="231" priority="-1" numLanes="3" speed="22.22" allow="passenger">
        <param key="capacity" value="2000.00"/>
    </edge>
    <edge id="253" from="224" to="246" priority="-1" numLanes="1" speed="19.44" allow="passenger">
        <param key="capacity" value="800.00"/>
    </edge>
    <edge id="254" from="186" to="224" priority="-1" numLanes="1" speed="19.44" allow="passenger">
        <param key="capacity" value="800.00"/>
    </edge>
    <edge id="255" from="220" to="247" priority="-1" numLanes="1" speed="19.44" allow="passenger">
        <param key="capacity" value="800.00"/>
    </edge>
    <edge id="256" from="220" to="246" priority="-1" numLanes="1" speed="19.44" allow="passenger">
        <param key="capacity" value="800.00"/>
    </edge>
    <edge id="257" from="105" to="248" priority="-1" numLanes="2" speed="27.78" allow="passenger">
        <param key="capacity" value="3000.00"/>
    </edge>
    <edge id="259" from="222" to="239" priority="-1" numLanes="2" speed="22.22" allow="passenger">
        <param key="capacity" value="1200.00"/>
    </edge>
    <edge id="26" from="14" to="20" priority="-1" numLanes="1" speed="13.89" allow="passenger">
        <param key="capacity" value="400.00"/>
    </edge>
    <edge id="260" from="206" to="249" priority="-1" numLanes="1" speed="13.89" allow="passenger">
        <param key="capacity" value="400.00"/>
    </edge>
    <edge id="261" from="206" to="250" priority="-1" numLanes="1" speed="13.89" allow="passenger">
        <param key="capacity" value="400.00"/>
    </edge>
    <edge id="262" from="48" to="180" priority="-1" numLanes="1" speed="13.89" allow="passenger">
        <param key="capacity" value="400.00"/>
    </edge>
    <edge id="263" from="48" to="252" priority="-1" numLanes="1" speed="13.89" allow="passenger">
        <param key="capacity" value="400.00"/>
    </edge>
    <edge id="264" from="115" to="252" priority="-1" numLanes="1" speed="13.89" allow="passenger">
        <param key="capacity" value="400.00"/>
    </edge>
    <edge id="265" from="115" to="241" priority="-1" numLanes="1" speed="13.89" allow="passenger">
        <param key="capacity" value="400.00"/>
    </edge>
    <edge id="266" from="117" to="241" priority="-1" numLanes="1" speed="13.89" allow="passenger">
        <param key="capacity" value="400.00"/>
    </edge>
    <edge id="267" from="251" to="252" priority="-1" numLanes="1" speed="13.89" allow="passenger">
        <param key="capacity" value="400.00"/>
    </edge>
    <edge id="268" from="92" to="95" priority="-1" numLanes="1" speed="22.22" allow="passenger">
        <param key="capacity" value="1000.00"/>
    </edge>
    <edge id="269" from="232" to="253" priority="-1" numLanes="3" speed="22.22" allow="passenger">
        <param key="capacity" value="2000.00"/>
    </edge>
    <edge id="27" from="14" to="21" priority="-1" numLanes="1" speed="13.89" allow="passenger">
        <param key="capacity" value="400.00"/>
    </edge>
    <edge id="271" from="229" to="254" priority="-1" numLanes="3" speed="22.22" allow="passenger">
        <param key="capacity" value="2000.00"/>
    </edge>
    <edge id="272" from="245" to="254" priority="-1" numLanes="2" speed="22.22" allow="passenger">
        <param key="capacity" value="2000.00"/>
    </edge>
    <edge id="273" from="253" to="255" priority="-1" numLanes="3" speed="22.22" allow="passenger">
        <param key="capacity" value="2000.00"/>
    </edge>
    <edge id="274" from="109" to="255" priority="-1" numLanes="2" speed="22.22" allow="passenger">
        <param key="capacity" value="2000.00"/>
    </edge>
    <edge id="276" from="248" to="256" priority="-1" numLanes="2" speed="27.78" allow="passenger">
        <param key="capacity" value="3000.00"/>
    </edge>
    <edge id="28" from="24" to="25" priority="-1" numLanes="1" speed="13.89" allow="passenger">
        <param key="capacity" value="400.00"/>
    </edge>
    <edge id="280" from="184" to="235" priority="-1" numLanes="3" speed="27.78" allow="passenger">
        <param key="capacity" value="4500.00"/>
    </edge>
    <edge id="281" from="120" to="258" priority="-1" numLanes="1" speed="22.22" allow="passenger">
        <param key="capacity" value="1000.00"/>
    </edge>
    <edge id="282" from="120" to="176" priority="-1" numLanes="1" speed="22.22" allow="passenger">
        <param key="capacity" value="1000.00"/>
    </edge>
    <edge id="283" from="176" to="177" priority="-1" numLanes="1" speed="22.22" allow="passenger">
        <param key="capacity" value="1000.00"/>
    </edge>
    <edge id="284" from="116" to="177" priority="-1" numLanes="1" speed="22.22" allow="passenger">
        <param key="capacity" value="1000.00"/>
    </edge>
    <edge id="285" from="7" to="116" priority="-1" numLanes="1" speed="22.22" allow="passenger">
        <param key="capacity" value="1000.00"/>
    </edge>
    <edge id="286" from="7" to="8" priority="-1" numLanes="1" speed="22.22" allow="passenger">
        <param key="capacity" value="1000.00"/>
    </edge>
    <edge id="287" from="8" to="251" priority="-1" numLanes="1" speed="22.22" allow="passenger">
        <param key="capacity" value="1000.00"/>
    </edge>
    <edge id="288" from="180" to="251" priority="-1" numLanes="1" speed="22.22" allow="passenger">
        <param key="capacity" value="1000.00"/>
    </edge>
    <edge id="289" from="10" to="258" priority="-1" numLanes="1" speed="22.22" allow="passenger">
        <param key="capacity" value="1000.00"/>
    </edge>
    <edge id="29" from="26" to="27" priority="-1" numLanes="1" speed="13.89" allow="passenger">
        <param key="capacity" value="400.00"/>
    </edge>
    <edge id="290" from="185" to="258" priority="-1" numLanes="1" speed="13.89" allow="passenger">
        <param key="capacity" value="400.00"/>
    </edge>
    <edge id="291" from="10" to="259" priority="-1" numLanes="1" speed="19.44" allow="passenger">
        <param key="capacity" value="800.00"/>
    </edge>
    <edge id="292" from="186" to="259" priority="-1" numLanes="1" speed="19.44" allow="passenger">
        <param key="capacity" value="800.00"/>
    </edge>
    <edge id="294" from="14" to="15" priority="-1" numLanes="1" speed="13.89" allow="passenger">
        <param key="capacity" value="400.00"/>
    </edge>
    <edge id="295" from="15" to="260" priority="-1" numLanes="1" speed="13.89" allow="passenger">
        <param key="capacity" value="400.00"/>
    </edge>
    <edge id="296" from="260" to="261" priority="-1" numLanes="1" speed="13.89" allow="passenger">
        <param key="capacity" value="400.00"/>
    </edge>
    <edge id="297" from="15" to="261" priority="-1" numLanes="1" speed="13.89" allow="passenger">
        <param key="capacity" value="400.00"/>
    </edge>
    <edge id="298" from="16" to="17" priority="-1" numLanes="1" speed="8.33" allow="passenger">
        <param key="capacity" value="200.00"/>
    </edge>
    <edge id="299" from="17" to="163" priority="-1" numLanes="1" speed="8.33" allow="passenger">
        <param key="capacity" value="200.00"/>
    </edge>
    <edge id="3" from="146" to="210" priority="-1" numLanes="1" speed="13.89" allow="passenger">
        <param key="capacity" value="400.00"/>
    </edge>
    <edge id="30" from="28" to="29" priority="-1" numLanes="1" speed="13.89" allow="passenger">
        <param key="capacity" value="400.00"/>
    </edge>
    <edge id="300" from="158" to="163" priority="-1" numLanes="1" speed="8.33" allow="passenger">
        <param key="capacity" value="200.00"/>
    </edge>
    <edge id="301" from="17" to="158" priority="-1" numLanes="1" speed="8.33" allow="passenger">
        <param key="capacity" value="200.00"/>
    </edge>
    <edge id="302" from="22" to="25" priority="-1" numLanes="1" speed="13.89" allow="passenger">
        <param key="capacity" value="400.00"/>
    </edge>
    <edge id="303" from="23" to="25" priority="-1" numLanes="1" speed="13.89" allow="passenger">
        <param key="capacity" value="400.00"/>
    </edge>
    <edge id="304" from="23" to="262" priority="-1" numLanes="1" speed="13.89" allow="passenger">
        <param key="capacity" value="400.00"/>
    </edge>
    <edge id="305" from="262" to="263" priority="-1" numLanes="1" speed="13.89" allow="passenger">
        <param key="capacity" value="400.00"/>
    </edge>
    <edge id="306" from="23" to="263" priority="-1" numLanes="1" speed="13.89" allow="passenger">
        <param key="capacity" value="400.00"/>
    </edge>
    <edge id="307" from="90" to="91" priority="-1" numLanes="1" speed="13.89" allow="passenger">
        <param key="capacity" value="400.00"/>
    </edge>
    <edge id="308" from="91" to="264" priority="-1" numLanes="1" speed="13.89" allow="passenger">
        <param key="capacity" value="400.00"/>
    </edge>
    <edge id="309" from="264" to="265" priority="-1" numLanes="1" speed="13.89" allow="passenger">
        <param key="capacity" value="400.00"/>
    </edge>
    <edge id="31" from="30" to="233" priority="-1" numLanes="1" speed="13.89" allow="passenger">
        <param key="capacity" value="400.00"/>
    </edge>
    <edge id="310" from="91" to="265" priority="-1" numLanes="1" speed="13.89" allow="passenger">
        <param key="capacity" value="400.00"/>
    </edge>
    <edge id="311" from="92" to="96" priority="-1" numLanes="1" speed="22.22" allow="passenger">
        <param key="capacity" value="1000.00"/>
    </edge>
    <edge id="313" from="93" to="99" priority="-1" numLanes="1" speed="22.22" allow="passenger">
        <param key="capacity" value="1000.00"/>
    </edge>
    <edge id="315" from="97" to="101" priority="-1" numLanes="1" speed="22.22" allow="passenger">
        <param key="capacity" value="1000.00"/>
    </edge>
    <edge id="317" from="68" to="94" priority="-1" numLanes="1" speed="22.22" allow="passenger">
        <param key="capacity" value="1000.00"/>
    </edge>
    <edge id="319" from="151" to="155" priority="-1" numLanes="1" speed="13.89" allow="passenger">
        <param key="capacity" value="400.00"/>
    </edge>
    <edge id="32" from="31" to="233" priority="-1" numLanes="1" speed="13.89" allow="passenger">
        <param key="capacity" value="400.00"/>
    </edge>
    <edge id="320" from="141" to="151" priority="-1" numLanes="1" speed="13.89" allow="passenger">
        <param key="capacity" value="400.00"/>
    </edge>
    <edge id="321" from="141" to="144" priority="-1" numLanes="1" speed="13.89" allow="passenger">
        <param key="capacity" value="400.00"/>
    </edge>
    <edge id="322" from="144" to="156" priority="-1" numLanes="1" speed="13.89" allow="passenger">
        <param key="capacity" value="400.00"/>
    </edge>
    <edge id="323" from="156" to="266" priority="-1" numLanes="1" speed="13.89" allow="passenger">
        <param key="capacity" value="400.00"/>
    </edge>
    <edge id="324" from="266" to="267" priority="-1" numLanes="1" speed="13.89" allow="passenger">
        <param key="capacity" value="400.00"/>
    </edge>
    <edge id="325" from="156" to="267" priority="-1" numLanes="1" speed="13.89" allow="passenger">
        <param key="capacity" value="400.00"/>
    </edge>
    <edge id="326" from="41" to="268" priority="-1" numLanes="1" speed="13.89" allow="passenger">
        <param key="capacity" value="400.00"/>
    </edge>
    <edge id="327" from="4" to="268" priority="-1" numLanes="1" speed="13.89" allow="passenger">
        <param key="capacity" value="400.00"/>
    </edge>
    <edge id="33" from="32" to="33" priority="-1" numLanes="1" speed="13.89" allow="passenger">
        <param key="capacity" value="400.00"/>
    </edge>
    <edge id="34" from="34" to="35" priority="-1" numLanes="1" speed="13.89" allow="passenger">
        <param key="capacity" value="400.00"/>
    </edge>
    <edge id="35" from="34" to="36" priority="-1" numLanes="1" speed="13.89" allow="passenger">
        <param key="capacity" value="400.00"/>
    </edge>
    <edge id="36" from="37" to="38" priority="-1" numLanes="1" speed="13.89" allow="passenger">
        <param key="capacity" value="400.00"/>
    </edge>
    <edge id="37" from="39" to="40" priority="-1" numLanes="1" speed="13.89" allow="passenger">
        <param key="capacity" value="400.00"/>
    </edge>
    <edge id="38" from="41" to="42" priority="-1" numLanes="1" speed="13.89" allow="passenger">
        <param key="capacity" value="400.00"/>
    </edge>
    <edge id="39" from="43" to="197" priority="-1" numLanes="1" speed="13.89" allow="passenger">
        <param key="capacity" value="400.00"/>
    </edge>
    <edge id="4" from="122" to="146" priority="-1" numLanes="1" speed="13.89" allow="passenger">
        <param key="capacity" value="400.00"/>
    </edge>
    <edge id="40" from="195" to="197" priority="-1" numLanes="1" speed="13.89" allow="passenger">
        <param key="capacity" value="400.00"/>
    </edge>
    <edge id="41" from="44" to="195" priority="-1" numLanes="1" speed="13.89" allow="passenger">
        <param key="capacity" value="400.00"/>
    </edge>
    <edge id="42" from="45" to="46" priority="-1" numLanes="1" speed="13.89" allow="passenger">
        <param key="capacity" value="400.00"/>
    </edge>
    <edge id="43" from="46" to="47" priority="-1" numLanes="1" speed="13.89" allow="passenger">
        <param key="capacity" value="400.00"/>
    </edge>
    <edge id="44" from="43" to="48" priority="-1" numLanes="1" speed="13.89" allow="passenger">
        <param key="capacity" value="400.00"/>
    </edge>
    <edge id="45" from="43" to="194" priority="-1" numLanes="1" speed="13.89" allow="passenger">
        <param key="capacity" value="400.00"/>
    </edge>
    <edge id="46" from="45" to="194" priority="-1" numLanes="1" speed="13.89" allow="passenger">
        <param key="capacity" value="400.00"/>
    </edge>
    <edge id="47" from="49" to="50" priority="-1" numLanes="1" speed="13.89" allow="passenger">
        <param key="capacity" value="400.00"/>
    </edge>
    <edge id="48" from="51" to="52" priority="-1" numLanes="1" speed="13.89" allow="passenger">
        <param key="capacity" value="400.00"/>
    </edge>
    <edge id="49" from="53" to="54" priority="-1" numLanes="1" speed="8.33" allow="passenger">
        <param key="capacity" value="200.00"/>
    </edge>
    <edge id="5" from="90" to="122" priority="-1" numLanes="1" speed="13.89" allow="passenger">
        <param key="capacity" value="400.00"/>
    </edge>
    <edge id="50" from="55" to="56" priority="-1" numLanes="1" speed="13.89" allow="passenger">
        <param key="capacity" value="400.00"/>
    </edge>
    <edge id="51" from="57" to="58" priority="-1" numLanes="1" speed="19.44" allow="passenger">
        <param key="capacity" value="800.00"/>
    </edge>
    <edge id="53" from="61" to="62" priority="-1" numLanes="1" speed="22.22" allow="passenger">
        <param key="capacity" value="1000.00"/>
    </edge>
    <edge id="54" from="61" to="63" priority="-1" numLanes="1" speed="22.22" allow="passenger">
        <param key="capacity" value="1000.00"/>
    </edge>
    <edge id="55" from="64" to="65" priority="-1" numLanes="1" speed="13.89" allow="passenger">
        <param key="capacity" value="400.00"/>
    </edge>
    <edge id="56" from="66" to="67" priority="-1" numLanes="1" speed="13.89" allow="passenger">
        <param key="capacity" value="400.00"/>
    </edge>
    <edge id="57" from="68" to="69" priority="-1" numLanes="1" speed="13.89" allow="passenger">
        <param key="capacity" value="400.00"/>
    </edge>
    <edge id="58" from="70" to="71" priority="-1" numLanes="1" speed="8.33" allow="passenger">
        <param key="capacity" value="200.00"/>
    </edge>
    <edge id="59" from="72" to="73" priority="-1" numLanes="1" speed="8.33" allow="passenger">
        <param key="capacity" value="200.00"/>
    </edge>
    <edge id="6" from="2" to="90" priority="-1" numLanes="1" speed="13.89" allow="passenger">
        <param key="capacity" value="400.00"/>
    </edge>
    <edge id="60" from="74" to="75" priority="-1" numLanes="1" speed="8.33" allow="passenger">
        <param key="capacity" value="200.00"/>
    </edge>
    <edge id="61" from="76" to="77" priority="-1" numLanes="1" speed="8.33" allow="passenger">
        <param key="capacity" value="200.00"/>
    </edge>
    <edge id="62" from="78" to="79" priority="-1" numLanes="1" speed="8.33" allow="passenger">
        <param key="capacity" value="200.00"/>
    </edge>
    <edge id="63" from="80" to="81" priority="-1" numLanes="1" speed="8.33" allow="passenger">
        <param key="capacity" value="200.00"/>
    </edge>
    <edge id="64" from="82" to="83" priority="-1" numLanes="1" speed="8.33" allow="passenger">
        <param key="capacity" value="200.00"/>
    </edge>
    <edge id="65" from="84" to="85" priority="-1" numLanes="1" speed="8.33" allow="passenger">
        <param key="capacity" value="200.00"/>
    </edge>
    <edge id="66" from="86" to="87" priority="-1" numLanes="1" speed="13.89" allow="passenger">
        <param key="capacity" value="400.00"/>
    </edge>
    <edge id="67" from="88" to="89" priority="-1" numLanes="1" speed="8.33" allow="passenger">
        <param key="capacity" value="200.00"/>
    </edge>
    <edge id="69" from="69" to="94" priority="-1" numLanes="1" speed="13.89" allow="passenger">
        <param key="capacity" value="400.00"/>
    </edge>
    <edge id="7" from="3" to="6" priority="-1" numLanes="1" speed="13.89" allow="passenger">
        <param key="capacity" value="400.00"/>
    </edge>
    <edge id="70" from="95" to="96" priority="-1" numLanes="1" speed="22.22" allow="passenger">
        <param key="capacity" value="1000.00"/>
    </edge>
    <edge id="71" from="97" to="98" priority="-1" numLanes="1" speed="22.22" allow="passenger">
        <param key="capacity" value="1000.00"/>
    </edge>
    <edge id="72" from="2" to="99" priority="-1" numLanes="1" speed="13.89" allow="passenger">
        <param key="capacity" value="400.00"/>
    </edge>
    <edge id="73" from="95" to="100" priority="-1" numLanes="1" speed="22.22" allow="passenger">
        <param key="capacity" value="1000.00"/>
    </edge>
    <edge id="74" from="98" to="101" priority="-1" numLanes="1" speed="22.22" allow="passenger">
        <param key="capacity" value="1000.00"/>
    </edge>
    <edge id="75" from="11" to="102" priority="-1" numLanes="1" speed="22.22" allow="passenger">
        <param key="capacity" value="1000.00"/>
    </edge>
    <edge id="76" from="69" to="103" priority="-1" numLanes="1" speed="13.89" allow="passenger">
        <param key="capacity" value="400.00"/>
    </edge>
    <edge id="77" from="89" to="103" priority="-1" numLanes="1" speed="13.89" allow="passenger">
        <param key="capacity" value="400.00"/>
    </edge>
    <edge id="78" from="75" to="89" priority="-1" numLanes="1" speed="13.89" allow="passenger">
        <param key="capacity" value="400.00"/>
    </edge>
    <edge id="79" from="71" to="75" priority="-1" numLanes="1" speed="13.89" allow="passenger">
        <param key="capacity" value="400.00"/>
    </edge>
    <edge id="8" from="6" to="225" priority="-1" numLanes="1" speed="13.89" allow="passenger">
        <param key="capacity" value="400.00"/>
    </edge>
    <edge id="80" from="71" to="73" priority="-1" numLanes="1" speed="13.89" allow="passenger">
        <param key="capacity" value="400.00"/>
    </edge>
    <edge id="81" from="73" to="76" priority="-1" numLanes="1" speed="13.89" allow="passenger">
        <param key="capacity" value="400.00"/>
    </edge>
    <edge id="82" from="76" to="79" priority="-1" numLanes="1" speed="13.89" allow="passenger">
        <param key="capacity" value="400.00"/>
    </edge>
    <edge id="83" from="79" to="81" priority="-1" numLanes="1" speed="13.89" allow="passenger">
        <param key="capacity" value="400.00"/>
    </edge>
    <edge id="84" from="81" to="83" priority="-1" numLanes="1" speed="13.89" allow="passenger">
        <param key="capacity" value="400.00"/>
    </edge>
    <edge id="85" from="83" to="86" priority="-1" numLanes="1" speed="13.89" allow="passenger">
        <param key="capacity" value="400.00"/>
    </edge>
    <edge id="86" from="84" to="86" priority="-1" numLanes="1" speed="13.89" allow="passenger">
        <param key="capacity" value="400.00"/>
    </edge>
    <edge id="87" from="67" to="84" priority="-1" numLanes="1" speed="13.89" allow="passenger">
        <param key="capacity" value="400.00"/>
    </edge>
    <edge id="88" from="67" to="82" priority="-1" numLanes="1" speed="13.89" allow="passenger">
        <param key="capacity" value="400.00"/>
    </edge>
    <edge id="89" from="80" to="82" priority="-1" numLanes="1" speed="13.89" allow="passenger">
        <param key="capacity" value="400.00"/>
    </edge>
    <edge id="9" from="4" to="225" priority="-1" numLanes="1" speed="13.89" allow="passenger">
        <param key="capacity" value="400.00"/>
    </edge>
    <edge id="90" from="78" to="80" priority="-1" numLanes="1" speed="13.89" allow="passenger">
        <param key="capacity" value="400.00"/>
    </edge>
    <edge id="91" from="77" to="78" priority="-1" numLanes="1" speed="13.89" allow="passenger">
        <param key="capacity" value="400.00"/>
    </edge>
    <edge id="92" from="72" to="77" priority="-1" numLanes="1" speed="13.89" allow="passenger">
        <param key="capacity" value="400.00"/>
    </edge>
    <edge id="93" from="70" to="72" priority="-1" numLanes="1" speed="13.89" allow="passenger">
        <param key="capacity" value="400.00"/>
    </edge>
    <edge id="94" from="70" to="74" priority="-1" numLanes="1" speed="13.89" allow="passenger">
        <param key="capacity" value="400.00"/>
    </edge>
    <edge id="95" from="74" to="88" priority="-1" numLanes="1" speed="13.89" allow="passenger">
        <param key="capacity" value="400.00"/>
    </edge>
    <edge id="96" from="65" to="88" priority="-1" numLanes="1" speed="13.89" allow="passenger">
        <param key="capacity" value="400.00"/>
    </edge>
    <edge id="97" from="65" to="103" priority="-1" numLanes="1" speed="13.89" allow="passenger">
        <param key="capacity" value="400.00"/>
    </edge>
    <edge id="98" from="104" to="105" priority="-1" numLanes="1" speed="27.78" allow="passenger">
        <param key="capacity" value="1500.00"/>
    </edge>
</edges>
